ud,pc,zf,p,o,h,l,yc,cje,v,pv,tv,t,dm
13.049,0.3724,0.5166,3516.826,3500.372,3517.285,3499.186,3503.777,609791010300,472211056,472211056,2026170,2025-07-17 15:00:09,000001
13.733,0.3739,0.5183,3686.351,3669.038,3686.837,3667.8,3672.618,609167654300,471692273,471692273,2025037,2025-07-17 15:00:09,000002
0.281,0.1081,0.3964,260.137,259.814,260.282,259.252,259.856,144309500,437389,437389,9896,2025-07-17 15:00:03,000003
25.807,0.867,0.9484,3002.521,2976.827,3002.521,2974.29,2976.714,450908329900,293844581,293844581,1220797,2025-07-17 15:00:09,000004
15.379,0.5411,0.6013,2857.716,2845.229,2861.298,2844.208,2842.337,41839759500,38185042,38185042,283385,2025-07-17 15:00:09,000005
-99.801,-2.0845,1.2037,4687.912,4700.704,4723.851,4666.219,4787.713,3524056100,6338379,6338379,38686,2025-07-17 15:00:09,000006
-11.496,-0.2491,0.4556,4604.423,4610.959,4614.633,4593.602,4615.919,31554471800,51773934,51773934,212631,2025-07-17 15:00:09,000007
-13.383,-0.3842,0.6212,3469.691,3473.525,3483.592,3461.954,3483.074,81964393100,82069120,82069120,270671,2025-07-17 15:00:09,000008
41.3,0.7354,0.7948,5657.389,5615.486,5657.389,5612.754,5616.089,119122012300,82393485,82393485,291072,2025-07-17 15:00:09,000009
42.95,0.4878,0.6357,8848.524,8799.212,8848.946,8792.967,8805.574,165144487700,99789985,99789985,476107,2025-07-17 15:00:09,000010
7.765,0.1116,0.1204,6964.661,6956.576,6964.76,6956.387,6956.896,196316878700,1033995918,1033995918,6982,2025-07-17 15:00:09,000011
0.025,0.0111,0.015,226.041,226.03,226.047,226.013,226.016,15388814200,15159264,15159264,800,2025-07-17 15:04:57,000012
0.029,0.0097,0.0013,299.702,299.698,299.702,299.698,299.673,9329046700,9211989,92119890,2000,2025-07-17 15:04:42,000013
-10.795,-0.348,0.7492,3090.804,3101.221,3108.523,3085.287,3101.599,20518480800,24995515,24995515,58252,2025-07-17 15:00:09,000015
3.359,0.1226,0.4522,2744.26,2737.351,2744.744,2732.349,2740.901,74646333600,36151094,36151094,116629,2025-07-17 15:00:09,000016
11.039,0.3728,0.5171,2972.147,2958.227,2972.539,2957.226,2961.108,595626503500,454626205,454626205,1988965,2025-07-17 15:00:09,000017
-7.399,-0.124,0.6298,5957.671,5958.127,5981.043000000001,5943.477,5965.07,31562945700,29190722,29190722,154978,2025-07-17 15:00:09,000018
0.004,0.0003,0.3259,1150.485,1149.08,1152.093,1148.344,1150.481,98754124400,68614229,68614229,280274,2025-07-17 15:00:09,000019
18.45,1.3749,1.6532,1360.336,1341.03,1360.336,1338.152,1341.886,168080602200,87091140,87091140,368247,2025-07-17 15:00:09,000020
-0.799,-0.0786,0.3508,1016.288,1015.684,1018.275,1014.707,1017.087,66832347400,46728828,46728828,180945,2025-07-17 15:00:09,000021
0.028,0.0111,0.0032,251.209,251.201,251.209,251.201,251.181,1200468100,1193290,1193290,800,2025-07-17 15:04:06,000022
-13.929,-0.7422,0.7232,1862.751,1869.724,1871.491,1857.918,1876.68,14009417800,18694978,18694978,148861,2025-07-17 15:00:09,000025
0.974,0.0254,0.4509,3838.864,3835.832,3839.593,3822.287,3837.89,19289779100,10826148,10826148,21603,2025-07-17 15:00:09,000026
-6.617,-0.866,0.7815,757.445,762.167,762.655,756.684,764.062,4514688400,5094374,5094374,12240,2025-07-17 15:00:09,000027
20.263,0.6268,0.8372,3253.022,3227.852,3253.022,3225.958,3232.759,66807465700,24482064,24482064,104764,2025-07-17 15:00:09,000028
-12.755,-0.2858,0.6138,4450.0,4456.111,4468.614,4441.223,4462.755,40250096600,43277292,43277292,252247,2025-07-17 15:00:09,000029
17.085,0.8104,0.9064,2125.356,2107.18,2125.356,2106.246,2108.271,129927066000,62456257,62456257,256284,2025-07-17 15:00:09,000030
-0.702,-0.022,0.4815,3191.009,3188.691,3196.325,3180.957,3191.711,103369696900,81251485,81251485,403767,2025-07-17 15:00:09,000031
-2.806,-0.1559,0.7139,1796.515,1799.999,1803.099,1790.254,1799.321,7142528600,10108699,10108699,24886,2025-07-17 15:00:09,000032
9.185,0.3804,0.7406,2423.825,2411.738,2425.057,2407.173,2414.64,33006094500,27774649,27774649,59137,2025-07-17 15:00:09,000033
9.248,0.4444,0.7731,2090.192,2080.583,2090.362,2074.274,2080.944,31888077800,25650513,25650513,144293,2025-07-17 15:00:09,000034
18.812,0.6862,0.7409,2760.292,2742.145,2762.457,2742.145,2741.48,23419001200,13907195,13907195,49678,2025-07-17 15:00:09,000035
82.706,0.7596,0.7238,10970.773,10893.235,10972.044,10893.235,10888.067,11639533700,2942650,2942650,12127,2025-07-17 15:00:09,000036
99.148,1.5402,1.7046,6536.555,6434.766000000001,6538.966,6429.232,6437.407,23259738600,6331561,6331561,14736,2025-07-17 15:00:09,000037
-6.783,-0.1142,0.6156,5935.163,5934.709,5958.53,5921.949000000001,5941.946,26858787900,24022917,24022917,104737,2025-07-17 15:00:09,000038
48.726,1.275,1.7844,3870.413,3815.796,3870.413,3802.218,3821.687,51837836200,12950397,12950397,63368,2025-07-17 15:00:09,000039
3.951,0.1078,0.4922,3669.567,3662.627,3670.76,3652.717,3665.616,13927925600,10169039,10169039,66935,2025-07-17 15:00:09,000040
-6.126,-0.2435,0.7173,2510.106,2517.769,2521.747,2503.697,2516.232,8207315800,13595220,13595220,63491,2025-07-17 15:00:09,000041
-2.435,-0.1363,0.486,1783.412,1782.407,1785.071,1776.391,1785.847,48988104800,42144266,42144266,166109,2025-07-17 15:00:09,000042
-4.526,-0.2037,0.5707,2217.224,2212.413,2217.329,2204.65,2221.75,40220945700,16029872,16029872,16808,2025-07-17 15:00:09,000043
28.451,0.6912,0.6699,4144.616,4117.144,4144.72,4117.144,4116.165,90498154100,63638891,63638891,359478,2025-07-17 15:00:09,000044
37.026,0.7741,0.8463,4820.129,4782.295,4820.129,4779.650000000001,4783.103,130736820800,99470761,99470761,355314,2025-07-17 15:00:09,000045
32.436,0.7286,0.7232,4483.995,4451.8,4483.995,4451.8,4451.559,221234974800,163109652,163109652,714792,2025-07-17 15:00:09,000046
15.765,0.4524,0.5495,3500.147,3482.428,3500.188,3481.04,3484.382,295881308500,199260746,199260746,831421,2025-07-17 15:00:09,000047
-0.231,-0.0161,0.3832,1432.524,1431.002,1435.762,1430.272,1432.755,44061706200,23286192,23286192,161532,2025-07-17 15:00:09,000048
13.81,0.862,1.0241,1615.812,1601.457,1615.812,1599.406,1602.002,51515052800,22717318,22717318,72065,2025-07-17 15:00:09,000049
5.543,0.2623,0.6555,2118.581,2110.104,2118.952,2105.102,2113.038,74646333600,36151094,36151094,116629,2025-07-17 15:00:09,000050
39.319,0.474,0.6175,8334.385,8293.484,8334.39,8283.171,8295.066,165144487700,99789985,99789985,476107,2025-07-17 15:00:09,000051
-13.542,-0.4662,0.4839,2890.962,2893.855,2899.937,2885.883,2904.504,74646333600,36151094,36151094,116629,2025-07-17 15:00:09,000052
-16.837,-0.139,0.4534,12097.921,12093.309,12120.667,12065.742,12114.758,165144487700,99789985,99789985,476107,2025-07-17 15:00:09,000053
-0.475,-0.0327,0.4887,1450.386,1449.499,1452.992,1445.901,1450.861,51558177200,42155626,42155626,243400,2025-07-17 15:00:09,000054
6.677,0.4647,0.5082,1443.511,1437.377,1443.777,1436.475,1436.834,53685544900,36010326,36010326,182506,2025-07-17 15:00:09,000055
0.087,0.0076,0.4212,1148.921,1147.871,1150.299,1145.46,1148.834,67089764900,43854609,43854609,105168,2025-07-17 15:00:09,000056
17.72,0.541,0.5495,3293.176,3275.856,3293.176,3275.177,3275.456,85350795100,34037736,34037736,157512,2025-07-17 15:00:09,000057
-10.991,-0.2398,0.5847,4572.652,4577.888,4588.967,4562.167,4583.643,64989225600,76558314,76558314,399778,2025-07-17 15:00:09,000058
24.172,0.8774,0.9421,2779.09,2754.553,2779.09,2753.136,2754.918,240469856200,132311114,132311114,480618,2025-07-17 15:00:09,000059
4.383,0.1045,0.4161,4197.081,4188.878,4198.937,4181.492,4192.698,220108286700,174831692,174831692,722885,2025-07-17 15:00:09,000060
0.027,0.0151,0.0218,178.856,178.839,178.865,178.826,178.829,338222400,337318,337318,1000,2025-07-17 14:56:39,000061
3.257,0.1656,0.4307,1970.039,1966.231,1970.158,1961.687,1966.782,25155149900,17877813,17877813,79288,2025-07-17 15:00:09,000062
-4.091,-0.1101,0.5166,3710.609,3710.924,3721.167,3701.977,3714.7,49194055200,37975059,37975059,133310,2025-07-17 15:00:09,000063
26.394,0.8445,0.9112,3151.886,3124.255,3152.138,3123.657,3125.492,113574523500,50946547,50946547,259022,2025-07-17 15:00:09,000064
22.129,0.6813,0.7171,3270.239,3247.28,3270.573,3247.28,3248.11,95720260100,64623641,64623641,184807,2025-07-17 15:00:09,000065
8.005,0.3031,0.5971,2649.061,2639.164,2650.995,2635.226,2641.056,33723512500,30387812,30387812,63987,2025-07-17 15:00:09,000066
99.914,1.4298,1.6131,7087.884,6987.612,7087.884,6975.158,6987.97,73776882700,23052372,23052372,119626,2025-07-17 15:00:09,000067
6.934,0.2414,0.6263,2879.404,2870.116,2882.385,2864.396,2872.47,31401703900,21483717,21483717,48553,2025-07-17 15:00:09,000068
44.08,0.9254,0.9441,4807.649,4762.864,4807.837,4762.864,4763.569,45911360500,15419855,15419855,51155,2025-07-17 15:00:09,000069
5.35,0.2134,0.6132,2512.818,2509.018,2516.246,2500.87,2507.468,7142528600,10108699,10108699,24886,2025-07-17 15:00:09,000070
19.973,0.6077,1.0185,3306.677,3281.802,3309.802,3276.328,3286.704,33006094500,27774649,27774649,59137,2025-07-17 15:00:09,000071
11.513,0.4226,0.7361,2735.652,2726.422,2735.777,2715.724,2724.139,31888077800,25650513,25650513,144293,2025-07-17 15:00:09,000072
17.778,0.5661,0.5578,3158.358,3141.332,3158.849,3141.332,3140.58,23419001200,13907195,13907195,49678,2025-07-17 15:00:09,000073
26.171,0.3846,0.6766,6830.593,6804.261,6850.299,6804.261,6804.422,11639533700,2942650,2942650,12127,2025-07-17 15:00:09,000074
123.282,1.6678,1.8123,7515.196,7393.163,7527.124,7393.163,7391.914,23259738600,6331561,6331561,14736,2025-07-17 15:00:09,000075
-1.756,-0.0301,0.6759,5835.53,5830.704,5856.995,5817.538,5837.286,27055114900,24110494,24110494,90443,2025-07-17 15:00:09,000076
55.916,1.2717,1.7031,4452.749,4392.146,4453.366,4378.483,4396.833000000001,51837836200,12950397,12950397,63368,2025-07-17 15:00:09,000077
0.863,0.0278,0.6072,3104.723,3099.16,3105.68,3086.833,3103.86,13927925600,10169039,10169039,66935,2025-07-17 15:00:09,000078
-3.359,-0.141,0.7046,2379.477,2385.053,2388.738,2371.948,2382.836,8207315800,13595220,13595220,63491,2025-07-17 15:00:09,000079
7.97,0.6302,0.7014,1272.583,1264.067,1272.583,1263.713,1264.613,595626503500,454626205,454626205,1988965,2025-07-17 15:00:09,000090
142.446,1.1398,1.1593,12639.977,12495.097,12639.977,12495.097,12497.531,44911251400,32569545,32569545,126911,2025-07-17 15:00:09,000091
4.488,0.1295,0.4922,3469.489,3462.567,3471.429,3454.374,3465.001,33721287800,21361833,21361833,56800,2025-07-17 15:00:09,000092
43.148,0.389,0.5544,11134.41,11088.043,11134.81,11073.323,11091.262,165144487700,99789985,99789985,476107,2025-07-17 15:00:09,000093
2.831,0.0897,0.4556,3159.392,3154.316,3160.8,3146.418,3156.561,31185791700,21334836,21334836,48553,2025-07-17 15:00:09,000094
31.747,1.0711,1.3308,2995.823,2961.871,2995.823,2956.376,2964.076,133092937400,68994162,68994162,311821,2025-07-17 15:00:09,000095
27.782,0.6611,0.6654,4229.945,4202.554,4230.515,4202.554,4202.163,72759264100,37090889,37090889,116091,2025-07-17 15:00:09,000096
113.287,1.319,1.4854,8702.02,8599.753,8702.02,8574.447,8588.733,75204187700,22416521,22416521,114441,2025-07-17 15:00:09,000097
-11.127,-0.2101,0.4969,5286.041,5286.907,5298.552,5272.229,5297.168,127974132100,118883830,118883830,550514,2025-07-17 15:00:09,000098
62.454,0.783,0.7564,8038.613,7978.279,8038.613,7978.279,7976.159000000001,111057344800,75964570,75964570,301253,2025-07-17 15:00:09,000099
-3.329,-0.0565,0.413,5886.235,5880.137,5893.881,5869.557,5889.564,239031476900,194848400,194848400,851766,2025-07-17 15:00:09,000100
0.029,0.0116,0.0056,249.05,249.038,249.05,249.036,249.021,404325400,403133,403133,100,2025-07-17 14:58:54,000101
44.59,0.7883,0.8774,5701.093,5666.273,5701.093,5651.463,5656.503,43076791500,21620769,21620769,87435,2025-07-17 15:00:09,000102
64.207,0.8049,0.8664,8041.109,7971.998000000001,8041.109,7971.998000000001,7976.902,24480798300,6341004,6341004,18503,2025-07-17 15:00:09,000103
3.746,0.2944,0.7531,1276.204,1273.213,1277.793,1268.21,1272.458,2358160700,3410377,3410377,12745,2025-07-17 15:00:09,000104
30.294,0.7448,1.0848,4097.679,4062.771,4101.913,4057.79,4067.385,15584340500,13054363,13054363,33221,2025-07-17 15:00:09,000105
39.514,0.8268,0.9609,4818.804,4779.73,4818.804,4772.879,4779.29,32230622200,22894596,22894596,73657,2025-07-17 15:00:09,000106
27.775,0.5351,0.637,5218.371,5192.304,5223.977,5190.911,5190.596,9662626500,5834297,5834297,23228,2025-07-17 15:00:09,000107
30.625,0.2611,0.6016,11759.175,11731.484,11793.963,11723.402,11728.55,3058666700,1754394,1754394,4727,2025-07-17 15:00:09,000108
111.014,1.059,1.1768,10593.712,10478.468,10593.908,10470.546,10482.698,12332168900,4886680,4886680,15189,2025-07-17 15:00:09,000109
-1.268,-0.0301,0.9063,4218.127,4221.821,4238.844,4200.604,4219.395,8512084400,9368331,9368331,40472,2025-07-17 15:00:09,000110
82.702,1.0191,1.2983,8197.704,8119.043000000001,8197.704,8092.343,8115.002,21857842500,5967164,5967164,39772,2025-07-17 15:00:09,000111
86.396,1.8541,2.354,4746.029,4642.052,4746.029,4636.341,4659.633,8131258000,3369267,3369267,18890,2025-07-17 15:00:09,000112
0.801,0.031,0.7154,2585.778,2586.408,2593.437,2574.945,2584.977,2715422800,7273003,7273003,16958,2025-07-17 15:00:09,000113
2.068,0.1756,1.131,1179.811,1182.942,1187.195,1173.875,1177.743,19247536900,14140320,14140320,60276,2025-07-17 15:00:09,000114
57.907,0.7746,0.8193,7533.701,7475.376,7533.701,7472.45,7475.794,119122012300,82393485,82393485,291072,2025-07-17 15:00:09,000115
0.035,0.0177,0.0182,198.22,198.196,198.224,198.188,198.185,440575100,439134,439134,800,2025-07-17 15:04:06,000116
23.203,0.6413,0.8042,3641.392,3618.56,3641.392,3612.296,3618.189,38525054600,15358764,15358764,53385,2025-07-17 15:00:09,000117
-11.706,-0.1285,0.6113,9095.067000000001,9101.762,9118.441,9062.768,9106.773000000001,21835238200,30067075,30067075,118458,2025-07-17 15:00:09,000118
37.367,1.0247,1.1448,3683.992,3646.854,3683.992,3642.246,3646.625,100867080900,55275413,55275413,179055,2025-07-17 15:00:09,000119
36.778,0.4343,0.552,8505.016,8465.83,8509.404,8462.661,8468.238,84177264400,69983724,69983724,244127,2025-07-17 15:00:09,000120
100.308,1.1882,1.362,8542.207,8439.181,8543.18,8428.201000000001,8441.899,23551601900,7095928,7095928,16610,2025-07-17 15:00:09,000121
19.254,1.2541,1.1503,1554.536,1537.187,1554.766,1537.105,1535.282,4787352900,5651250,5651250,29154,2025-07-17 15:00:09,000122
47.203,0.8148,0.971,5840.664,5790.531,5840.664,5784.411,5793.461,97599988100,45640627,45640627,207542,2025-07-17 15:00:09,000123
1.934,0.0167,0.3757,11611.305,11596.242,11627.156,11583.534,11609.371,65159493900,52697124,52697124,245815,2025-07-17 15:00:09,000125
60.216,0.7603,0.7537,7980.205,7922.582,7982.274,7922.582,7919.989,29604025200,10938020,10938020,38518,2025-07-17 15:00:09,000126
18.361,0.2276,0.5189,8086.082,8060.532,8091.716,8049.849,8067.721,119122012300,82393485,82393485,291072,2025-07-17 15:00:09,000128
-18.435,-0.123,0.4733,14967.901,14973.223,14999.31,14928.38,14986.336,65908398100,67275569,67275569,294122,2025-07-17 15:00:09,000129
-12.922,-0.1034,0.5641,12483.27,12494.132,12522.088,12451.603,12496.192,15772073200,20044718,20044718,94385,2025-07-17 15:00:09,000130
121.285,4.0489,4.2898,3116.788,2995.177,3117.557,2989.056,2995.503,28548680500,6562998,6562998,23573,2025-07-17 15:00:09,000131
16.39,0.3143,0.3967,5230.914,5215.345,5230.914,5210.228,5214.524,28289330300,11666908,11666908,26964,2025-07-17 15:00:09,000132
66.724,1.2151,1.505,5558.04,5487.77,5558.04,5475.393,5491.316,40683492800,27205887,27205887,63281,2025-07-17 15:00:09,000133
-4.556,-0.4052,0.8763,1119.742,1122.636,1126.985,1117.133,1124.298,19977624300,24476677,24476677,123348,2025-07-17 15:00:09,000134
44.636,0.8275,1.1096,5438.475,5400.859,5438.475,5378.624,5393.839,75726174800,21662639,21662639,111073,2025-07-17 15:00:09,000135
-123.605,-1.0435,1.4498,11721.476,11829.764,11862.447,11690.717,11845.081,39412826900,40013835,40013835,206946,2025-07-17 15:00:09,000136
75.834,1.6032,1.8046,4805.99,4730.773,4805.99,4720.629,4730.156,42053568900,17931373,17931373,39009,2025-07-17 15:00:09,000137
4.228,0.0568,0.5097,7441.999,7435.372,7452.783,7414.874,7437.771,17339565800,16753796,16753796,72265,2025-07-17 15:00:09,000138
2.978,0.7536,0.7076,398.144,395.386,398.182,395.386,395.166,31909680200,20150724,20150724,1525,2025-07-17 15:00:03,000139
32.321,0.9937,1.175,3284.907,3251.749,3284.907,3246.689,3252.586,73419402100,45188187,45188187,150731,2025-07-17 15:00:09,000141
41.03,0.4721,0.558,8732.618,8692.334,8737.07,8688.573,8691.588,44013946300,36753710,36753710,139282,2025-07-17 15:00:09,000142
19.152,0.3442,0.7678,5583.731,5559.32,5589.473,5546.746,5564.579,28590936900,17561345,17561345,46675,2025-07-17 15:00:09,000145
119.554,1.8779,1.82,6486.011,6383.353,6486.011,6370.14,6366.457,39605109700,17770796,17770796,69554,2025-07-17 15:00:09,000146
57.052,0.8355,0.869,6885.365,6826.028,6885.365,6826.028,6828.313,21875140200,6252393,6252393,17332,2025-07-17 15:00:09,000147
63.375,0.7149,0.7996,8928.073,8857.922,8928.801,8857.922,8864.698,82514820500,44402198,44402198,134038,2025-07-17 15:00:09,000148
-16.454,-0.4011,0.6418,4086.073,4096.202,4104.525,4078.194,4102.527,25407768500,27816912,27816912,71858,2025-07-17 15:00:09,000149
6.822,0.0586,0.7605,11657.784,11654.422,11696.065,11607.457,11650.962,5009555300,7696429,7696429,29870,2025-07-17 15:00:09,000150
-6.265,-0.404,0.7811,1544.534,1551.114,1554.244,1542.13,1550.799,14922747400,18571523,18571523,44211,2025-07-17 15:00:09,000151
-10.009,-0.3513,0.6504,2838.844,2844.086,2851.672,2833.142,2848.853,22518616300,27851415,27851415,60553,2025-07-17 15:00:09,000152
0.804,0.0268,0.6832,3001.031,3001.532,3010.271,2989.772,3000.227,4204515800,5224904,5224904,20206,2025-07-17 15:00:09,000153
10.127,0.3429,0.5622,2963.594,2950.664,2963.74,2947.135,2953.467,134382922500,70262022,70262022,267273,2025-07-17 15:00:09,000155
6.832,0.6004,1.3784,1144.787,1148.316,1153.825,1138.139,1137.955,20574146500,14496704,14496704,63555,2025-07-17 15:00:09,000158
19.483,0.6066,0.6734,3231.577,3210.575,3231.577,3209.948,3212.094,495974299300,369354958,369354958,1514287,2025-07-17 15:00:09,000159
0.617,0.0345,0.4501,1790.571,1786.95,1791.278,1783.221,1789.954,30774177600,41162533,41162533,164008,2025-07-17 15:00:09,000160
22.531,1.5312,1.4666,1493.991,1474.36,1493.991,1472.411,1471.46,76098184300,37095549,37095549,114457,2025-07-17 15:00:09,000161
25.926,0.7778,0.9285,3359.387,3332.344,3359.572,3328.62,3333.461,40944111100,21482885,21482885,98339,2025-07-17 15:00:09,000162
-5.542,-0.1006,0.5924,5505.221,5509.559,5519.556,5486.91,5510.763,57998606400,23556132,23556132,1105,2025-07-17 15:04:58,000170
27.031,2.0929,2.2347,1318.612,1289.749,1318.612,1289.749,1291.581,139879084000,28959154,2895915438,107891,2025-07-17 15:00:12,000171
27.289,0.681,0.7368,4034.491,4005.067,4034.594,4005.067,4007.202,325516865700,161249041,161249041,502779,2025-07-17 15:00:09,000300
42.384,0.9004,0.9473,4749.736,4705.233,4749.828,4705.233,4707.352,452698024300,231651097,231651097,425771,2025-07-17 15:00:09,000510
19.674,1.583,1.8539,1262.486,1243.556,1262.512,1239.472,1242.812,124104552400,34859668,34859668,201110,2025-07-17 15:00:09,000680
18.969,1.5791,1.8538,1220.242,1201.946,1220.268,1197.999,1201.273,124104552400,34859668,34859668,201110,2025-07-17 15:00:09,000681
9.784,0.7164,1.4117,1375.505,1364.472,1375.537,1356.257,1365.721,29444567800,4163621,4163621,36117,2025-07-17 15:00:09,000682
36.205,3.1928,3.5253,1170.158,1136.016,1171.731,1131.756,1133.953,17361385300,3912337,3912337,15808,2025-07-17 15:00:09,000683
9.564,0.5665,1.5598,1697.822,1686.052,1697.822,1671.488,1688.258,25057713300,2848180,2848180,19746,2025-07-17 15:00:09,000685
14.736,1.413,1.7805,1057.63,1042.946,1058.28,1039.711,1042.894,12664221100,3416189,3416189,24813,2025-07-17 15:00:09,000687
8.018,0.8037,1.314,1005.648,997.712,1005.665,992.556,997.63,28343835500,5353465,5353465,55632,2025-07-17 15:00:09,000688
14.168,1.6051,1.8594,896.857,884.239,896.969,880.556,882.689,7965300300,2818159,2818159,17661,2025-07-17 15:00:09,000689
21.896,1.8574,2.1827,1200.771,1178.478,1200.782,1175.051,1178.875,28330048000,4105535,4105535,18714,2025-07-17 15:00:09,000690
8.295,0.7522,1.2004,1111.077,1103.435,1111.125,1097.887,1102.782,19389505100,3045046,3045046,25295,2025-07-17 15:00:09,000691
12.997,1.4664,1.5192,899.335,892.917,899.335,885.87,886.338,9158189100,4812784,4812784,32634,2025-07-17 15:00:09,000692
16.138,1.4558,1.8683,1124.702,1108.462,1124.921,1104.21,1108.564,9777613300,2747020,2747020,19591,2025-07-17 15:00:09,000693
7.96,0.9853,1.336,815.869,808.556,816.018,805.224,807.909,18998918700,3875878,3875878,40486,2025-07-17 15:00:09,000695
14.638,1.3935,2.0182,1065.069,1049.908,1066.69,1045.49,1050.431,12841977800,3576074,3576074,13339,2025-07-17 15:00:09,000697
19.624,1.8111,2.1281,1103.149,1084.444,1103.89,1080.832,1083.525,28534529300,6181609,6181609,33142,2025-07-17 15:00:09,000698
25.517,2.515,2.8405,1040.106,1014.571,1040.106,1011.287,1014.589,41177574800,13958579,13958579,60907,2025-07-17 15:00:09,000699
48.007,0.7578,0.7864,6382.702,6334.123000000001,6382.702,6332.888,6334.695,95952374600,77871678,77871678,296957,2025-07-17 15:00:09,000802
23.77,0.486,0.682,4914.707,4890.206,4917.144,4883.787,4890.937,33775581400,22538612,2253861167,272516,2025-07-17 15:00:12,000805
135.766,1.5927,1.731,8659.808,8523.443,8659.892,8512.342,8524.042,48010852900,16740589,1674058920,62767,2025-07-17 15:00:12,000808
60.029,1.0258,0.9416,5911.853,5875.061,5911.853,5856.751,5851.824000000001,45767973100,21771095,2177109458,141435,2025-07-17 15:00:12,000812
21.919,0.825,0.7511,2678.913,2658.955,2678.913,2658.955,2656.994,15601067300,9011095,901109541,55462,2025-07-17 15:00:12,000813
141.925,1.693,1.8594,8524.835000000001,8378.413,8527.567000000001,8371.695,8382.91,30203380100,9222085,9222085,6807,2025-07-17 15:00:09,000814
22.349,0.4013,1.0025,5591.901,5563.152,5601.547,5545.711,5569.552,36431758900,20598262,20598262,25071,2025-07-17 15:00:09,000819
28.579,0.4454,1.0973,6444.654,6407.034000000001,6453.625,6383.221,6416.075,33459569000,19426246,19426246,182869,2025-07-17 15:00:13,000823
9.197,0.645,0.8421,1435.007,1432.803,1436.525,1424.518,1425.81,52967841100,29715349,29715349,64803,2025-07-17 15:00:09,000827
33.795,1.3915,1.2466,2462.534,2433.729,2462.534,2432.258,2428.739,151910946500,39890976,3989097622,193417,2025-07-17 15:00:12,000828
3.772,0.84,0.8039,452.808,449.22,452.83,449.22,449.036,73292253600,4501575,450157502,156,2025-07-17 15:00:12,000832
152.793,1.8214,1.9414,8541.54,8385.156,8541.76,8378.905,8388.747,32416871100,9717413,971741320,35755,2025-07-17 15:00:12,000841
8.453,0.2751,0.478,3081.202,3071.434,3081.539,3066.85,3072.749,48381070800,25484966,25484966,239601,2025-07-17 15:00:13,000847
41.532,0.4076,0.7539,10232.081,10186.017,10248.612,10171.781,10190.549,25810679400,16262089,16262089,118782,2025-07-17 15:00:13,000849
143.749,0.8493,1.0161,17069.497,16917.385,17070.546,16898.559,16925.748,67525820000,31260714,31260714,199926,2025-07-17 15:00:13,000851
73.608,1.1391,1.3079,6535.671,6458.414,6535.671,6451.153,6462.063,325983691200,227831646,227831646,361282,2025-07-17 15:00:09,000852
16.344,1.2115,1.2857,1365.377,1348.033,1365.377,1348.033,1349.033,82180968000,20016365,20016365,110110,2025-07-17 15:00:13,000853
40.43,0.9691,1.3257,4212.397,4166.161,4216.851,4161.544,4171.967,28948235900,21573005,21573005,159208,2025-07-17 15:00:13,000854
10.178,0.7232,0.7618,1417.608,1406.932,1417.654,1406.932,1407.43,444163033200,206371607,206371607,1716361,2025-07-17 15:00:13,000855
49.035,0.8681,1.0093,5697.476000000001,5648.826,5697.476000000001,5640.468,5648.441,41427444700,25934008,25934008,204939,2025-07-17 15:00:13,000856
159.884,1.5163,1.52,10703.912,10555.218,10707.424,10547.155,10544.028,20891578100,8045079,8045079,28689,2025-07-17 15:00:13,000857
160.884,2.0996,2.4051,7823.633,7646.425,7823.633,7639.34,7662.749,77687281700,23030444,23030444,84312,2025-07-17 15:00:13,000858
3.816,0.3363,0.6446,1138.682,1133.444,1138.682,1131.367,1134.866,54450251900,43804903,43804903,462905,2025-07-17 15:00:13,000860
62.699,2.3176,2.6285,2767.986,2705.144,2768.576,2697.468,2705.287,22963843200,5998093,5998093,32117,2025-07-17 15:00:13,000863
3.635,0.2613,0.5375,1394.607,1391.055,1395.211,1387.735,1390.972,22094480700,17515212,17515212,210692,2025-07-17 15:00:13,000865
24.158,0.9346,0.9419,2608.913,2593.349,2609.625,2585.279,2584.755,34531525600,44153514,44153514,3052,2025-07-17 15:04:58,000867
-20.206,-0.4814,1.0256,4177.165,4196.668,4215.92,4172.873000000001,4197.371,7083732800,8296111,8296111,295,2025-07-17 15:04:58,000869
19.175,0.4829,0.5171,3989.908,3971.24,3990.429,3969.895,3970.733,609791010300,472211056,472211056,2026170,2025-07-17 15:00:09,000888
24.164,1.6285,1.7324,1507.971,1483.506,1507.971,1482.265,1483.807,814804128400,410678241,410678241,1810300,2025-07-17 15:00:13,000891
-5.508,-0.0924,0.4799,5957.661,5955.940000000001,5966.918000000001,5938.302,5963.169,62743353800,59538219,59538219,362943,2025-07-17 15:00:09,000901
49.474,0.9231,0.9829,5409.188,5357.443,5409.188,5356.506,5359.714,1526324040000,1078747273,107874727312,6569733,2025-07-17 15:00:12,000902
23.346,0.6164,0.6794,3810.818,3785.235,3810.968,3785.235,3787.472,163068449200,72633182,72633182,137848,2025-07-17 15:00:09,000903
60.572,1.3065,1.3237,4696.940000000001,4635.568,4696.940000000001,4635.568,4636.368,174312579600,92583310,9258330991,729019,2025-07-17 15:00:12,000904
65.269,1.0847,1.1537,6082.464,6013.714,6082.464,6013.044,6017.195,235042939300,149692658,149692658,296957,2025-07-17 15:00:09,000905
34.112,0.7862,0.8421,4373.139,4336.664,4373.203,4336.664,4339.027,560559805100,310941699,310941699,799737,2025-07-17 15:00:09,000906
0.0,0.0,0.0,2123.782,2123.782,2123.782,2123.782,2123.782,0,0,0,0,2025-07-17 00:00:00,000908
125.262,1.5112,1.7589,8413.901,8279.912,8413.925,8268.139000000001,8288.639000000001,20227222600,5443587,5443587,2561,2025-07-17 15:00:09,000913
-3.949,-0.0585,0.6172,6750.009,6746.452,6772.207,6730.52,6753.958000000001,47850402700,42615422,42615422,192412,2025-07-17 15:00:09,000914
42.718,1.0594,1.0776,4075.059,4031.606,4075.059,4031.606,4032.341,138122246100,34382779,3438277935,254159,2025-07-17 15:00:12,000918
-0.707,-0.027,0.6668,2620.749,2622.428,2627.601,2610.121,2621.456,6373655000,7361865,7361865,12359,2025-07-17 15:00:09,000928
89.154,0.5688,0.7036,15764.154,15676.123,15786.419,15676.123,15675.0,18817558300,4965225,4965225,8062,2025-07-17 15:00:09,000932
125.625,1.5269,1.6675,8353.341,8226.518,8353.559,8216.363,8227.716,41118800700,13488666,13488666,10029,2025-07-17 15:00:09,000933
-0.792,-0.0126,0.6051,6289.556,6284.136,6308.342000000001,6270.277,6290.348,68371625700,73662512,73662512,286170,2025-07-17 15:00:09,000934
100.83,2.141,2.4109,4810.272,4701.097,4810.272,4696.733,4709.442,160430974000,51100801,51100801,73135,2025-07-17 15:00:09,000935
9.995,0.2855,0.5175,3511.133,3499.484,3511.209,3493.092,3501.138,35434949700,21828355,2182835508,242542,2025-07-17 15:00:12,000944
23.917,0.4674,0.8981,5140.595,5120.295,5166.25,5120.295,5116.678,10409378800,9014048,901404774,38110,2025-07-17 15:00:12,000949
65.654,0.8955,0.8391,7397.556,7336.035,7397.556,7336.035,7331.902,204071927000,133087883,13308788314,1123845,2025-07-17 15:00:12,000966
28.689,1.0569,1.2072,2743.1,2710.514,2743.283,2710.514,2714.411,184621370200,65769402,6576940159,513598,2025-07-17 15:00:12,000971
-1.606,-0.0227,0.6171,7058.092000000001,7053.396,7080.431,7036.863,7059.698,63870421600,63672567,63672567,698227,2025-07-17 15:00:13,000974
67.964,0.9074,0.9887,7557.637,7485.999,7557.685,7483.634,7489.673,235042939300,149692658,149692658,296957,2025-07-17 15:00:09,000982
35.826,0.8947,0.8851,4039.92,4004.478,4039.92,4004.478,4004.094,325516865700,161249041,16124904110,1453654,2025-07-17 15:00:12,000984
46.692,0.9257,0.9848,5090.818,5042.04,5090.818,5041.141000000001,5044.126,1517711132600,1064794193,106479419326,6528301,2025-07-17 15:00:12,000985
0.311,0.0146,0.6194,2124.206,2124.712,2128.576,2115.42,2123.895,9676149800,14024481,14024481,31128,2025-07-17 15:00:09,000986
23.028,0.6832,0.9542,3393.442,3367.886,3394.241,3362.079,3370.414,72499774800,60241652,60241652,141854,2025-07-17 15:00:09,000987
32.111,0.6203,0.7056,5208.845,5176.706,5213.234,5176.706,5176.734,60482129600,29791012,29791012,56181,2025-07-17 15:00:09,000989
71.506,0.5454,0.7016,13183.157,13113.093,13205.087,13113.093,13111.651,20772733500,5547663,554766309,30255,2025-07-17 15:00:12,000990
141.465,1.5837,1.7352,9074.274,8932.009,9074.544,8919.546,8932.809,51823643000,17798532,17798532,18351,2025-07-17 15:00:09,000991
-0.63,-0.0105,0.6173,6003.597,5998.698,6021.761,5984.699000000001,6004.227,77580319600,86015976,86015976,302463,2025-07-17 15:00:09,000992
134.407,2.1422,2.3459,6408.742,6267.501,6408.742,6261.552,6274.335,180494059200,61286330,61286330,99459,2025-07-17 15:00:09,000993
45.873,2.1134,2.2612,2216.405,2167.325,2216.405,2167.325,2170.532,179539609000,53066920,5306692027,212648,2025-07-17 15:00:12,000998
0.0,,,0.0,0.0,0.0,0.0,0.0,486346725400,421791682,42179168199,4856208,2025-07-17 15:00:03,395001
0.0,,,0.0,0.0,0.0,0.0,0.0,114147100,268002,26800210,2442,2025-07-17 15:00:03,395002
0.0,,,0.0,0.0,0.0,0.0,0.0,443122898200,213664610,21366460997,2456588,2025-07-17 15:00:03,395004
0.0,,,0.0,0.0,0.0,0.0,0.0,0,0,0,0,2025-07-17 09:15:54,395005
0.0,,,0.0,0.0,0.0,0.0,0.0,0,0,0,0,2025-07-17 09:15:57,395006
0.0,,,0.0,0.0,0.0,0.0,0.0,0,0,0,0,2025-07-17 09:15:00,395011
0.0,,,0.0,0.0,0.0,0.0,0.0,626252300,4675118,467511816,68284,2025-07-17 15:00:03,395012
0.0,,,0.0,0.0,0.0,0.0,0.0,100192040800,488480012,48848001172,2851400,2025-07-17 15:00:06,395013
0.0,,,0.0,0.0,0.0,0.0,0.0,187299100,490171,49017117,6182,2025-07-17 15:00:03,395015
0.0,,,0.0,0.0,0.0,0.0,0.0,222304057000,22230406,2223040570,57666,2025-07-17 15:04:57,395032
0.0,,,0.0,0.0,0.0,0.0,0.0,56868724000,3988735,398873540,1000,2025-07-17 15:04:54,395033
0.0,,,0.0,0.0,0.0,0.0,0.0,466298300,47115,4711540,1000,2025-07-17 15:03:30,395034
0.0,,,0.0,0.0,0.0,0.0,0.0,0,0,0,0,2025-07-17 09:15:21,395041
0.0,,,0.0,0.0,0.0,0.0,0.0,929583770600,635724294,63572429406,7315239,2025-07-17 15:00:03,395099
152.812,1.4254,1.4436,10873.619,10718.854,10873.619,10718.854,10720.807,929583770600,635724294,63572429406,7315239,2025-07-17 15:00:03,399001
206.375,1.4426,1.4438,14512.062,14305.511,14512.062,14305.511,14305.687,486346725400,421791682,42179168199,4856208,2025-07-17 15:00:03,399002
86.438,1.0412,0.8568,8388.154,8317.021,8388.154,8317.021,8301.716,114147100,268002,26800210,2442,2025-07-17 15:00:03,399003
91.727,1.3902,1.4221,6689.836,6596.001,6689.836,6596.001,6598.109,150743225800,52237732,5223773204,532960,2025-07-17 15:00:03,399004
117.667,1.7683,1.6622,6771.933,6661.329,6771.933,6661.329,6654.266000000001,92114831700,39445746,3944574590,401123,2025-07-17 15:00:03,399005
39.133,1.7547,1.8448,2269.327,2228.525,2269.668,2228.525,2230.194,443122898200,213664610,21366460997,2456588,2025-07-17 15:00:03,399006
66.34,1.4748,1.4826,4564.552,4497.863,4564.552,4497.863,4498.212,282415243300,117426318,11742631813,1200772,2025-07-17 15:00:03,399007
21.035,1.5628,1.5301,1367.026,1346.431,1367.026,1346.431,1345.991,174938363500,106546256,10654625626,1156922,2025-07-17 15:00:03,399008
68.394,1.691,1.6115,4113.008,4048.301,4113.008,4047.83,4044.614,131672017600,65188586,6518858609,667812,2025-07-17 15:00:03,399009
86.359,1.1467,1.3592,7617.491,7523.471,7617.491,7515.131,7531.132000000001,283178422100,186566511,18656651075,2193826,2025-07-17 15:00:03,399010
72.529,1.3684,1.4067,5372.71,5298.155,5372.71,5298.155,5300.181,565593665400,303992829,30399282888,3394597,2025-07-17 15:00:03,399011
53.97,1.6174,1.7074,3390.866,3333.891,3390.866,3333.891,3336.896,221013242100,75823631,7582363057,786729,2025-07-17 15:00:03,399012
58.594,1.2438,1.2521,4769.624,4710.636,4769.624,4710.636,4711.03,267859183200,145763471,14576347103,1531676,2025-07-17 15:00:03,399013
29.562,1.1312,1.3984,2642.831,2610.092,2642.831,2606.286,2613.269,189966721100,121250867,12125086650,1458968,2025-07-17 15:00:03,399015
59.9,1.3511,1.6458,4493.222,4426.6,4493.222,4420.258,4433.322,100901621000,24857274,2485727430,279352,2025-07-17 15:00:03,399016
64.295,1.6502,1.7453,3960.565,3893.803,3960.565,3892.564,3896.27,86453299900,31609450,3160945040,346223,2025-07-17 15:00:03,399017
44.994,0.9858,1.3432,4609.299,4558.855,4609.299,4547.993,4564.305,66395371600,16553721,1655372071,157891,2025-07-17 15:00:03,399018
49.21,1.2493,1.5615,3988.328,3934.074,3988.328,3926.819,3939.118,95604447100,49148309,4914830916,552585,2025-07-17 15:00:03,399019
22.106,1.3957,1.7204,1605.967,1582.392,1605.967,1578.718,1583.861,85092698300,47163165,4716316501,541718,2025-07-17 15:00:03,399020
16.653,0.5432,1.0647,3082.165,3071.657,3082.203,3049.566,3065.512,25051324600,7121813,712181263,58746,2025-07-17 15:00:03,399030
48.047,1.8949,1.9956,2583.669,2533.068,2583.669,2533.068,2535.622,46622869100,17269786,1726978609,173477,2025-07-17 15:00:03,399050
19.152,0.7231,0.7093,2667.805,2652.838,2667.805,2649.019,2648.653,60261533900,20873256,2087325592,200279,2025-07-17 15:00:03,399060
41.599,1.1188,1.1602,3759.679,3718.519,3759.679,3716.542,3718.08,103964155500,29558332,2955833218,265387,2025-07-17 15:00:03,399088
120.867,1.2147,1.2368,10071.536,9949.458,10071.536,9948.469000000001,9950.669,917185085500,612459652,61245965237,7039864,2025-07-17 15:00:03,399100
155.375,1.2785,1.2549,12308.049,12155.548,12308.049,12155.548,12152.674,336044257300,270220008,27022000792,3172345,2025-07-17 15:00:03,399101
43.815,1.4159,1.5859,3138.273,3092.26,3138.273,3089.199,3094.458,443117313800,213485493,21348549257,2441124,2025-07-17 15:00:03,399102
74.503,0.9661,0.9879,7786.231,7710.045,7786.231,7710.045,7711.728,63751748400,489924624,48992462408,2918687,2025-07-17 15:00:06,399103
25.228,1.1895,1.2379,2146.075,2120.509,2146.075,2119.82,2120.847,929578186300,635545177,63554517666,7299775,2025-07-17 15:00:03,399106
26.402,1.19,1.2388,2244.994,2218.235,2244.994,2217.509,2218.592,929464039200,635277175,63527717456,7297333,2025-07-17 15:00:03,399107
10.07,0.8107,0.7352,1252.264,1243.132,1252.264,1243.132,1242.194,114147100,268002,26800210,2442,2025-07-17 15:00:03,399108
0.938,0.0724,1.3414,1295.901,1294.974,1310.539,1293.168,1294.963,4160914200,5595868,559586811,88270,2025-07-17 15:00:03,399231
16.001,0.5533,0.9077,2908.133,2890.186,2913.51,2887.259,2892.132,8459261300,7113920,711391955,80920,2025-07-17 15:00:03,399232
41.156,1.5081,1.5141,2770.078,2728.759,2770.078,2728.759,2728.922,641363249600,391440595,39144059489,4376037,2025-07-17 15:00:03,399233
-2.711,-0.301,0.818,897.912,900.809,902.0,894.633,900.623,8362582500,12572958,1257295792,130669,2025-07-17 15:00:03,399234
5.487,0.5668,0.72,973.592,968.6800000000001,975.403,968.433,968.105,4867629300,7194890,719489020,61442,2025-07-17 15:00:03,399235
16.204,1.1685,1.2203,1402.884,1388.176,1402.884,1385.963,1386.68,25478866000,24553328,2455332787,277567,2025-07-17 15:00:03,399236
-2.134,-0.1826,0.7247,1166.471,1169.437,1173.716,1165.247,1168.605,5067491400,4831574,483157413,62787,2025-07-17 15:00:03,399237
4.118,0.3179,1.5306,1299.555,1294.095,1313.007,1293.179,1295.437,294067600,350554,35055378,2884,2025-07-17 15:00:03,399238
27.563,1.3883,2.0669,2012.97,1982.2,2017.318,1976.282,1985.407,136450095400,72396231,7239623145,778627,2025-07-17 15:00:03,399239
6.695,0.4375,0.7552,1537.14,1529.394,1538.857,1527.299,1530.445,30121120100,23249826,2324982628,290782,2025-07-17 15:00:03,399240
-0.454,-0.0383,0.9246,1186.424,1185.856,1191.757,1180.783,1186.878,6225290300,13240071,1324007084,233308,2025-07-17 15:00:03,399241
5.569,0.4466,0.9387,1252.552,1245.003,1253.855,1242.15,1246.983,16217836000,24377616,2437761635,299251,2025-07-17 15:00:03,399242
27.592,1.9817,2.264,1419.935,1393.303,1421.488,1389.965,1392.343,13517216900,6714736,671473630,67055,2025-07-17 15:00:03,399243
-0.85,-0.1526,0.6317,556.178,556.628,557.719,554.2,557.028,4325048700,5682848,568284763,78862,2025-07-17 15:00:03,399244
9.887,1.065,1.7429,938.2810000000001,925.337,938.2810000000001,922.1,928.394,7266057000,7407015,740701466,122637,2025-07-17 15:00:03,399248
19.632,0.8224,1.7087,2406.892,2389.159,2419.747,2378.957,2387.26,440689400,311930,31192960,4174,2025-07-17 15:00:03,399249
25.324,0.7703,0.6984,3312.989,3295.358,3312.989,3290.028,3287.665,49588074800,21860093,2186009321,231562,2025-07-17 15:00:03,399258
12.374,0.3594,0.972,3455.236,3445.577,3455.236,3421.771,3442.862,27089264000,11061873,1106187344,120426,2025-07-17 15:00:03,399259
51.666,1.8599,1.9154,2829.538,2776.332,2829.538,2776.332,2777.872,98756627100,29935776,2993577631,324003,2025-07-17 15:00:03,399260
88.053,2.3898,2.5537,3772.658,3678.938,3773.033,3678.938,3684.605,73205821800,12420741,1242074051,98958,2025-07-17 15:00:03,399261
50.243,2.5286,2.8304,2037.216,1982.887,2039.126,1982.887,1986.973,106210751400,23775184,2377518412,192635,2025-07-17 15:00:03,399262
47.88,2.2242,2.7245,2200.566,2144.16,2202.811,2144.16,2152.686,75928211600,18645758,1864575791,189935,2025-07-17 15:00:03,399263
25.807,1.8127,2.9601,1449.46,1420.651,1458.401,1416.26,1423.653,53570629200,19764878,1976487827,180698,2025-07-17 15:00:03,399264
18.102,1.7488,2.0007,1053.204,1034.408,1053.367,1032.658,1035.102,23421780800,10590137,1059013727,101255,2025-07-17 15:00:03,399265
17.899,0.7634,1.2272,2362.456,2348.453,2362.61,2333.838,2344.557,32015427200,10373174,1037317420,90996,2025-07-17 15:00:03,399266
109.462,2.2354,2.6134,5006.261,4881.119,5009.094,4881.119,4896.799,90493858200,18535162,1853516232,194519,2025-07-17 15:00:03,399269
100.328,2.4187,2.7275,4248.415,4140.363,4253.503,4140.363,4148.087,97028606600,22071512,2207151165,217637,2025-07-17 15:00:03,399274
39.783,1.4994,1.7626,2693.114,2652.756,2693.114,2646.346,2653.331,24753842700,11677590,1167758987,124165,2025-07-17 15:00:03,399275
73.311,1.4411,1.5203,5160.518,5084.301,5160.518,5083.175,5087.207,55501090800,11898717,1189871683,116754,2025-07-17 15:00:03,399276
34.066,1.2709,1.5289,2714.541,2677.581,2714.541,2673.559,2680.475,25732447600,12422709,1242270891,99568,2025-07-17 15:00:03,399277
27.897,1.7125,1.7286,1656.872,1628.713,1656.872,1628.713,1628.975,107194766600,37779471,3777947120,324614,2025-07-17 15:00:03,399278
72.455,2.1533,2.6202,3437.325,3351.186,3439.354,3351.186,3364.87,90485498300,25003262,2500326211,268247,2025-07-17 15:00:03,399279
33.751,1.6302,1.7994,2104.09,2069.662,2104.09,2066.836,2070.339,19644291400,10834954,1083495425,98348,2025-07-17 15:00:03,399280
130.152,3.8262,3.6937,3531.726,3406.083,3531.726,3406.083,3401.574,53329769300,25593149,2559314882,290968,2025-07-17 15:00:03,399281
69.256,1.432,1.9901,4905.733,4821.513,4911.033,4814.784,4836.477,57612270900,24125999,2412599859,243008,2025-07-17 15:00:03,399282
40.198,1.1358,1.6211,3579.425,3534.104,3580.809,3523.435,3539.227,31053305500,12288856,1228885600,123420,2025-07-17 15:00:03,399283
54.564,1.6398,2.0951,3381.983,3319.617,3381.983,3312.269,3327.419,45972023000,20050126,2005012554,191587,2025-07-17 15:00:03,399284
82.212,1.9211,2.3294,4361.63,4264.626,4364.312,4264.626,4279.418,73447522500,20869250,2086925031,199972,2025-07-17 15:00:03,399285
27.415,0.7063,1.0123,3908.752,3875.912,3914.905,3875.615,3881.337,61147439800,36693779,3669377866,484028,2025-07-17 15:00:03,399286
0.037,0.0309,0.0242,119.809,119.782,119.811,119.782,119.772,112792200,11000,1100000,4000,2025-07-17 14:09:03,399289
1.623,0.9482,0.9424,172.781,171.18,172.793,171.18,171.158,9187925600,631040,63104037,1256,2025-07-17 15:00:03,399290
43.845,1.1636,1.4472,3811.792,3765.96,3811.792,3757.261,3767.947,40015988600,19607035,1960703471,234719,2025-07-17 15:00:03,399291
19.602,1.6624,1.5488,1198.744,1182.155,1198.744,1180.482,1179.142,92389924100,64692946,6469294564,726223,2025-07-17 15:00:03,399292
91.518,2.1296,2.2733,4388.97,4292.281,4389.976,4292.281,4297.452,93745605200,16763968,1676396755,127279,2025-07-17 15:00:03,399293
27.092,0.9729,0.8562,2811.792,2788.247,2812.089,2788.247,2784.7,44800423500,12937005,1293700527,129606,2025-07-17 15:00:03,399294
35.224,0.7952,0.7726,4464.752,4433.08,4464.752,4430.531,4429.528,42235507800,12377180,1237718036,118095,2025-07-17 15:00:03,399295
81.222,1.7961,1.9934,4603.284,4517.917,4606.774,4516.63,4522.062,83497207800,19988780,1998877993,169080,2025-07-17 15:00:03,399296
42.683,0.7811,0.8657,5507.274,5461.596,5508.902,5461.596,5464.591,18284280500,24261352,2426135245,251393,2025-07-17 15:00:03,399297
0.024,0.0113,0.0038,212.169,212.163,212.171,212.163,212.145,4930215300,485000,48499990,10,2025-07-17 15:04:48,399298
0.007,0.0029,0.0057,244.101,244.115,244.115,244.101,244.094,75816000,7450,745000,350,2025-07-17 15:02:00,399299
27.289,0.681,0.7368,4034.491,4005.067,4034.594,4005.067,4007.202,325516865700,161249041,16124904100,502779,2025-07-17 15:00:45,399300
0.024,0.0111,0.0037,215.997,215.991,215.999,215.991,215.973,4930215300,485000,48499990,10,2025-07-17 15:04:48,399301
0.03,0.0136,0.0073,220.19,220.178,220.193,220.177,220.16,4919924900,484000,48399990,10,2025-07-17 15:04:48,399302
101.641,1.1948,1.391,8608.404,8500.812,8608.404,8490.072,8506.763,560229850900,382998545,38299854529,69698,2025-07-17 15:00:12,399303
15.619,1.0128,1.0366,1557.841,1541.854,1557.841,1541.854,1542.222,62938197100,484759335,48475933475,2844221,2025-07-17 15:00:06,399306
3.142,0.9753,0.957,325.295,322.212,325.295,322.212,322.153,42083660400,2531934,253193417,7227,2025-07-17 15:00:03,399307
36.334,0.5565,0.6474,6565.608,6523.656,6565.925,6523.656,6529.274,106152349800,35226569,3522656903,158,2025-07-17 15:00:12,399310
34.816,0.8285,0.8662,4237.268,4200.92,4237.323,4200.92,4202.452,635009252200,371298710,37129870972,96087,2025-07-17 15:00:12,399311
41.639,0.9247,0.9857,4544.427,4500.228,4544.614,4500.228,4502.788,350457348900,146184381,14618438083,29904,2025-07-17 15:00:12,399312
18.768,0.3887,0.4874,4847.289,4825.178,4847.555,4824.019,4828.521,153584470000,67165461,6716546097,34218,2025-07-17 15:00:12,399313
26.68,0.5992,0.687,4479.382000000001,4449.007000000001,4479.598,4449.007000000001,4452.702,256470271100,129271863,12927186339,36056,2025-07-17 15:00:12,399314
50.179,1.3025,1.1987,3902.623,3856.443,3902.623,3856.443,3852.444,188649856800,99816006,9981600605,38030,2025-07-17 15:00:12,399315
50.602,1.0206,1.1539,5008.581,4955.617,5008.627,4951.418,4957.979,189889124400,142210840,14221084028,22001,2025-07-17 15:00:12,399316
55.395,0.9563,0.9827,5847.972,5792.055,5847.972,5791.048,5792.577,1533384238000,1076811864,107681186438,237365,2025-07-17 15:00:12,399317
27.105,0.5272,0.4961,5168.278,5142.775000000001,5168.278,5142.775000000001,5141.173,256993400,650176,65017556,4284,2025-07-17 15:00:09,399318
0.886,0.037,0.4715,2398.483,2396.452,2399.021,2387.717,2397.597,44073145400,44468755,4446875514,469720,2025-07-17 15:00:12,399319
-9.945,-0.4537,0.6853,2182.191,2191.124,2192.488,2177.466,2192.136,27047179600,33991046,3399104643,17995,2025-07-17 15:00:12,399320
-12.524,-0.1634,0.4841,7653.035,7655.132000000001,7678.649,7641.541,7665.559,48048042500,37248539,3724853911,15576,2025-07-17 15:00:12,399321
28.188,0.3164,0.4301,8938.18,8907.561,8945.879,8907.561,8909.992,69441897600,24387536,2438753598,15576,2025-07-17 15:00:12,399322
30.376,0.3552,0.5152,8583.238,8548.661,8592.724,8548.661,8552.862000000001,22145899200,9636972,963697179,93060,2025-07-17 15:00:03,399324
68.209,1.5566,1.861,4450.151,4370.794,4452.341,4370.794,4381.942,40879041900,10105229,1010522874,71254,2025-07-17 15:00:03,399326
85.263,0.9559,0.9132,9004.966,8923.611,9005.063,8923.611,8919.703,46671133500,12603376,1260337610,152617,2025-07-17 15:00:03,399328
63.779,1.3627,1.4218,4744.089,4677.546,4744.089,4677.546,4680.31,150743225800,52237732,5223773204,532960,2025-07-17 15:00:03,399330
145.538,1.803,1.6627,8217.33,8083.119000000001,8217.33,8083.119000000001,8071.792,92114831700,39445746,3944574590,401123,2025-07-17 15:00:03,399333
49.785,1.3151,1.4416,3835.37,3780.796,3835.37,3780.796,3785.585,34268775000,19880983,1988098297,205536,2025-07-17 15:00:03,399335
96.249,2.0083,2.0049,4888.843,4793.667,4889.755,4793.667,4792.594,162492752400,41636689,4163668885,370012,2025-07-17 15:00:03,399337
140.437,2.0137,2.0424,7114.381,6971.946,7114.381,6971.946,6973.944,146877756000,45655140,4565514046,418734,2025-07-17 15:00:03,399339
14.574,0.9764,0.9844,1507.127,1492.435,1507.127,1492.435,1492.553,72442450300,25897313,2589731337,304513,2025-07-17 15:00:03,399341
88.156,1.4948,1.4829,5985.72,5898.267,5985.72,5898.267,5897.564,282415243300,117426318,11742631813,1200772,2025-07-17 15:00:03,399344
49.262,1.5899,1.5794,3147.781,3098.844,3147.781,3098.844,3098.519,112298648200,29643192,2964319245,279090,2025-07-17 15:00:03,399346
42.18,0.7096,0.7587,5986.521,5942.29,5987.388,5942.29,5944.341,57908337200,43753311,4375331059,477512,2025-07-17 15:00:03,399348
11.13,0.5166,0.7085,2165.446,2156.411,2165.633,2150.369,2154.316,15391543700,9536055,953605535,27103,2025-07-17 15:00:09,399350
123.36,1.3476,1.4226,9277.553,9147.328,9277.553,9147.328,9154.193,81818446500,33879161,3387916051,42334,2025-07-17 15:00:12,399351
104.46,1.1132,1.1477,9488.178,9380.503,9488.199,9380.503,9383.718,153834120400,77385560,7738556002,179,2025-07-17 15:00:12,399352
-7.875,-0.3662,0.7524,2142.388,2147.983,2156.716,2140.537,2150.263,13039400900,14136441,1413644068,132755,2025-07-17 15:00:12,399353
34.609,0.4692,0.5802,7411.251,7368.454,7411.251,7368.454,7376.642,134807958000,54758918,5475891830,356142,2025-07-17 15:00:12,399354
21.573,0.6336,0.741,3426.169,3403.393,3426.461,3401.232,3404.596,42204154400,16243473,1624347334,15576,2025-07-17 15:00:12,399355
85.051,0.8932,0.9937,9607.384,9514.337,9608.961,9514.337,9522.333,53274923900,21477938,2147793822,43911,2025-07-17 15:00:09,399356
-0.529,-0.0173,0.6009,3066.009,3057.54,3066.599,3048.171,3066.538,55583764600,39338769,3933876948,6654,2025-07-17 15:00:12,399357
28.344,0.645,0.7171,4423.052,4413.163,4428.678,4397.165,4394.708000000001,39242667600,20467804,2046780395,9252,2025-07-17 15:00:12,399358
-16.653,-0.5963,0.6555,2776.236,2786.219,2788.55,2770.244,2792.889,19682555700,26657278,2665727849,265898,2025-07-17 15:00:12,399359
99.861,1.6069,1.9614,6314.357,6207.658,6314.357,6192.467000000001,6214.496,86084856300,38739788,3873978768,1966,2025-07-17 15:00:12,399360
43.754,1.2483,1.7887,3548.886,3495.988,3548.886,3486.191,3505.132,37299839400,24263101,2426310068,23904,2025-07-17 15:00:12,399361
95.263,1.4491,1.5489,6669.408,6567.578,6669.408,6567.578,6574.145,131155457500,36557019,3655701938,5163,2025-07-17 15:00:12,399362
92.97,1.674,2.1394,5646.629,5531.355,5646.657,5527.842000000001,5553.659000000001,93142120100,18995329,1899532868,280,2025-07-17 15:00:12,399363
155.462,1.8206,1.9462,8694.348,8528.165,8694.349,8528.165,8538.886,176824603500,50001134,5000113409,3845,2025-07-17 15:00:12,399364
47.328,0.4039,0.5905,11765.383,11719.964,11786.876,11717.676,11718.055,8892898600,8257955,825795483,602,2025-07-17 15:00:12,399365
26.331,1.5821,2.8662,1690.685,1660.813,1698.023,1650.32,1664.354,39337592800,28760696,2876069567,146952,2025-07-17 15:00:12,399366
28.109,1.0486,1.1029,2708.672,2683.308,2712.871,2683.308,2680.563,7525988900,12491425,1249142473,43806,2025-07-17 15:00:09,399367
188.719,2.5437,2.6754,7607.892,7411.817,7607.892,7409.401,7419.173,42362697700,16304700,1630469995,7017,2025-07-17 15:00:12,399368
10.784,0.7343,0.7235,1479.339,1469.279,1479.904,1469.279,1468.555,67998110500,27534082,2753408234,3845,2025-07-17 15:00:12,399369
37.815,0.9715,0.9323,3930.381,3894.129,3930.421,3894.129,3892.566,230803374700,90329500,9032949952,13032,2025-07-17 15:00:12,399370
-4.365,-0.0646,0.4507,6747.729,6744.419,6763.175,6732.743,6752.094,114080625300,119042681,11904268097,31342,2025-07-17 15:00:12,399371
44.258,1.0887,1.0751,4109.47,4065.868,4109.573,4065.868,4065.212,115643059100,29860044,2986004380,158,2025-07-17 15:00:12,399372
-22.867,-0.2701,0.5601,8443.409,8451.786,8476.102,8428.682,8466.276,46904063900,42373209,4237320864,15576,2025-07-17 15:00:12,399373
20.747,0.5886,0.5022,3545.378,3529.588,3545.434,3527.733,3524.631,49321543400,22407071,2240707082,3796,2025-07-17 15:00:12,399374
12.28,0.2452,0.3902,5021.289,5008.17,5023.599,5004.056,5009.009,27726230100,30931362,3093136222,2508,2025-07-17 15:00:12,399375
48.341,1.0064,1.1502,4851.749,4803.72,4851.943,4796.693,4803.408,65838772200,38062385,3806238490,9078,2025-07-17 15:00:12,399376
28.964,0.4334,0.5286,6711.182,6683.134,6712.086,6676.765,6682.218,39450331400,45738110,4573811011,13258,2025-07-17 15:00:12,399377
19.372,0.785,0.8066,2487.186,2467.335,2487.24,2467.335,2467.814,260879343900,129509570,12950956992,20898,2025-07-17 15:00:12,399378
61.095,0.7628,0.7999,8070.532,8007.027,8070.774,8006.707,8009.437,237316836900,1524082317,152408231661,40497,2025-07-17 15:00:15,399379
12.679,0.8049,0.8408,1587.811,1574.639,1587.851,1574.608,1575.132,235949186900,1516431889,151643188855,40492,2025-07-17 15:00:15,399380
-1.402,-0.051,0.7073,2749.765,2752.101,2757.367,2737.909,2751.167,7392498700,9040331,904033135,75884,2025-07-17 15:00:12,399381
17.094,0.6687,0.9329,2573.312,2554.106,2573.847,2550.0,2556.218,65553665800,53222331,5322233076,4808,2025-07-17 15:00:12,399382
15.415,0.6441,0.7203,2408.739,2395.889,2408.739,2391.5,2393.324,114467974100,72514548,7251454764,19384,2025-07-17 15:00:12,399383
28.548,0.7339,0.8097,3918.557,3890.346,3921.222,3889.725,3890.009,56914226400,33586507,3358650736,134505,2025-07-17 15:00:12,399384
49.083,0.5138,0.6912,9601.85,9553.761,9619.79,9553.761,9552.767,21796424200,7431618,743161834,37280,2025-07-17 15:00:12,399385
88.907,1.5229,1.6938,5927.104,5836.459,5927.246,5828.358,5838.197,45538565100,15538248,1553824831,3659,2025-07-17 15:00:12,399386
-0.672,-0.0119,0.6138,5663.76,5659.577,5681.1,5646.331,5664.432,68219791900,69796794,6979679425,35610,2025-07-17 15:00:12,399387
97.802,2.0395,2.2515,4893.172,4789.835,4893.172,4785.202,4795.37,188409914800,67598761,6759876088,22986,2025-07-17 15:00:12,399388
126.797,2.5104,3.0411,5177.752,5028.981,5182.587,5028.981,5050.955,81645667200,25902837,2590283678,2214,2025-07-17 15:00:12,399389
-6.983,-0.2686,0.7141,2592.895,2601.329,2604.685,2586.118,2599.878,11111651400,17765355,1776535458,7801,2025-07-17 15:00:12,399390
9.723,0.3072,0.4433,3174.71,3165.176,3179.109,3165.079,3164.987,53091909100,32197384,3219738411,1088,2025-07-17 15:00:12,399391
38.634,1.5808,1.6529,2482.583,2442.263,2482.659,2442.263,2443.949,185189897300,63013392,6301339158,11248,2025-07-17 15:00:12,399392
20.256,0.6458,0.9003,3156.631,3137.451,3164.824,3136.588,3136.375,11695683700,20994156,2099415551,90164,2025-07-17 15:00:09,399393
134.708,1.5528,1.717,8810.084,8673.257,8810.304,8661.348,8675.376,42695195100,13344793,1334479321,3343,2025-07-17 15:00:12,399394
23.782,0.4103,1.0619,5819.838,5787.781,5827.948,5766.398,5796.056,37406877800,22947168,2294716759,124372,2025-07-17 15:00:09,399395
112.552,0.6197,0.6744,18274.284,18159.755,18282.24,18159.755,18161.732,19130747800,4692171,469217145,29455,2025-07-17 15:00:12,399396
10.953,0.5286,0.8908,2083.133,2068.631,2083.133,2064.675,2072.18,33408718200,27250196,2725019552,472,2025-07-17 15:00:12,399397
48.758,0.4879,0.5254,10042.728,9992.717,10043.69,9991.184000000001,9993.97,49546085100,16358861,1635886062,1116,2025-07-17 15:00:12,399398
34.34,0.478,0.5323,7217.807,7179.681,7217.916,7179.681,7183.467000000001,199730060000,118766908,11876690849,27920,2025-07-17 15:00:12,399399
28.049,0.7841,0.8199,3605.202,3575.941,3605.271,3575.941,3577.153,445120127800,229087869,22908786944,74086,2025-07-17 15:00:12,399400
45.996,1.1708,1.166,3974.615,3929.917,3974.622,3928.813,3928.619,378538981200,242026846,24202684633,60031,2025-07-17 15:00:12,399401
25.688,0.8346,0.7485,3103.724,3080.685,3103.724,3080.685,3078.036,115485836900,66362001,6636200065,20462,2025-07-17 15:00:12,399402
90.086,1.1821,1.3214,7711.203,7611.189,7711.895,7611.189,7621.117,89145381500,27026241,2702624140,435,2025-07-17 15:00:12,399403
35.25,1.5508,1.5629,2308.27,2272.746,2308.27,2272.746,2273.02,105635352400,26258485,2625848468,13668,2025-07-17 15:00:12,399405
31.542,0.2538,0.3692,12458.377,12430.984,12464.091,12418.215,12426.835,23940136100,23971702,2397170165,18464,2025-07-17 15:00:12,399406
39.805,1.6691,1.647,2424.622,2389.607,2425.296,2386.019,2384.817,108557368300,43149917,4314991681,4456,2025-07-17 15:00:12,399407
17.603,0.125,0.5004,14104.26,14083.828,14111.06,14040.569,14086.657,26947488700,36214163,3621416259,14267,2025-07-17 15:00:12,399408
63.75,1.2598,1.5488,5124.233,5057.836,5124.48,5046.101,5060.483,83830074600,48105796,4810579608,2550,2025-07-17 15:00:12,399409
67.664,3.248,2.772,2150.92,2094.196,2151.943,2094.196,2083.256,22929965600,6208897,620889712,1028,2025-07-17 15:00:12,399410
-4.606,-0.1348,0.6356,3412.743,3417.136,3425.975,3404.256,3417.349,28784397500,33132760,3313276030,19604,2025-07-17 15:00:12,399411
21.946,0.971,0.8744,2282.091,2269.923,2282.154,2262.392,2260.145,49663728200,21029025,2102902457,9749,2025-07-17 15:00:12,399412
1.401,0.8404,0.7984,168.108,166.777,168.108,166.777,166.707,74183594700,4555474,455547397,7348,2025-07-17 15:00:03,399413
37.402,0.5957,0.7574,6316.204,6272.48,6317.004,6269.449000000001,6278.802,47370771000,25959635,2595963468,6474,2025-07-17 15:00:12,399415
56.857,1.3989,1.6036,4121.181,4061.971,4121.181,4056.004,4064.324,56985855200,38745359,3874535941,12967,2025-07-17 15:00:12,399416
37.118,1.3338,1.5605,2819.938,2786.692,2819.938,2776.512,2782.82,47143019000,15506346,1550634632,27756,2025-07-17 15:00:12,399417
49.182,1.2477,1.8748,3990.918,3934.2,3999.424,3925.525,3941.736,59911313900,24218657,2421865652,8417,2025-07-17 15:00:12,399418
12.701,0.6635,0.8012,1927.084,1914.632,1927.095,1911.757,1914.383,14901078400,12856842,1285684246,75703,2025-07-17 15:00:12,399419
6.571,0.4484,0.8471,1471.878,1464.669,1474.371,1461.959,1465.307,24157398800,16142784,1614278406,14411,2025-07-17 15:00:12,399420
25.79,0.8357,1.2707,3111.726,3079.167,3111.873,3072.66,3085.936,133350061500,89821162,8982116201,29160,2025-07-17 15:00:12,399422
22.247,0.9321,1.4921,2408.99,2382.277,2409.264,2373.651,2386.743,33995229900,17039697,1703969667,11373,2025-07-17 15:00:12,399423
34.443,0.9706,1.1434,3583.232,3550.778,3583.26,3542.683,3548.789,64209312400,30072118,3007211812,7799,2025-07-17 15:00:12,399428
15.597,1.1907,1.0466,1325.519,1312.536,1325.536,1311.826,1309.922,33346633100,28117375,2811737506,12849,2025-07-17 15:00:12,399429
-34.673,-0.4024,0.8659,8581.435,8603.532000000001,8635.799,8561.196,8616.108,22054787900,26325838,2632583789,15576,2025-07-17 15:00:09,399431
71.311,1.4676,1.7372,4930.203,4860.699000000001,4930.203,4845.796,4858.892,41615449900,12982025,1298202522,33418,2025-07-17 15:00:12,399432
-9.287,-0.5527,0.659,1671.059,1677.205,1680.548,1669.475,1680.346,13722447600,19053841,1905384091,186758,2025-07-17 15:00:09,399433
15.66,0.7708,1.4679,2047.402,2025.807,2047.402,2017.579,2031.742,28453590500,25587321,2558732117,41182,2025-07-17 15:00:12,399434
16.929,0.4394,0.9086,3869.429,3852.524,3887.526,3852.524,3852.5,8336238600,9056947,905694668,2924,2025-07-17 15:00:09,399435
9.487,0.2656,0.606,3581.936,3575.797,3585.319,3563.67,3572.449,4299900900,7894058,789405827,187713,2025-07-17 15:00:12,399436
34.449,0.5359,1.015,6462.535,6427.998000000001,6473.925,6408.68,6428.086,22131737200,16585144,1658514408,20034,2025-07-17 15:00:12,399437
-2.923,-0.1462,0.6307,1996.534,2000.925,2003.334,1990.723,1999.457,13429938100,19256661,1925666139,6673,2025-07-17 15:00:12,399438
-0.585,-0.0351,0.4934,1666.747,1666.652,1668.573,1660.347,1667.332,8202968500,11744762,1174476208,718,2025-07-17 15:00:12,399439
18.724,1.4945,2.2101,1271.545,1251.581,1273.92,1246.232,1252.821,10765008300,22298588,2229858804,2052,2025-07-17 15:00:12,399440
42.393,1.9405,2.1686,2226.993,2184.367,2227.542,2180.167,2184.6,18746582700,6038534,603853401,2431,2025-07-17 15:00:12,399441
0.003,0.0023,0.0023,128.055,128.052,128.055,128.052,128.052,8086956900,797007,79700710,10,2025-07-17 15:04:48,399481
56.151,0.7407,0.7846,7637.325,7580.413,7639.895,7580.413,7581.174,42317861200,19191657,1919165708,136416,2025-07-17 15:00:09,399550
130.009,1.62,1.7152,8155.486,8019.158,8155.486,8017.836,8025.477,44639074100,20024144,2002414439,5465,2025-07-17 15:00:12,399551
19.882,0.2482,0.4207,8029.499,8007.202,8040.901,8007.202,8009.617,33305877100,18078929,1807892929,15576,2025-07-17 15:00:09,399552
95.082,1.41,1.3668,6838.331,6751.175,6843.34,6751.175,6743.249,30904570300,9621784,962178422,158,2025-07-17 15:00:09,399553
37.464,0.5093,0.5243,7393.463,7356.305,7394.871,7356.305,7355.999,35524478200,22393855,2239385476,87555,2025-07-17 15:00:09,399554
13.603,0.2554,0.3978,5339.3,5324.138,5342.239,5321.055,5325.697,32509226500,24543520,2454352021,15986,2025-07-17 15:00:12,399555
12.467,0.534,0.6222,2347.06,2340.358,2347.12,2332.593,2334.593,42219102900,16748838,1674883765,11917,2025-07-17 15:00:12,399556
9.298,0.5358,0.9039,1744.622,1732.385,1744.622,1728.937,1735.324,33408718200,27250196,2725019552,472,2025-07-17 15:00:12,399557
16.604,1.6577,1.6916,1018.209,1001.266,1018.209,1001.266,1001.605,72997736700,35202565,3520256542,402518,2025-07-17 15:00:03,399602
13.056,0.6999,0.7399,1878.455,1865.217,1879.02,1865.217,1865.399,36195180100,23654907,2365490660,262456,2025-07-17 15:00:03,399604
43.335,1.7567,1.8449,2510.243,2465.109,2510.62,2465.109,2466.908,124721632100,28976208,2897620811,261701,2025-07-17 15:00:03,399606
47.58,1.5446,1.5985,3127.916,3079.597,3127.916,3078.677,3080.336,115296384100,34684514,3468451358,317617,2025-07-17 15:00:03,399608
221.388,3.4248,3.6019,6685.649,6452.812,6685.649,6452.812,6464.261,121091561600,33120934,3312093361,329748,2025-07-17 15:00:03,399610
47.848,2.0101,1.9416,2428.279,2382.06,2428.279,2382.06,2380.431,156661797700,40901400,4090140005,340579,2025-07-17 15:00:03,399611
40.245,1.9875,1.9412,2065.102,2025.795,2065.102,2025.795,2024.857,156661797700,40901400,4090140005,340579,2025-07-17 15:00:03,399612
24.861,0.8556,0.9192,2930.413,2907.881,2931.496,2904.788,2905.552,1808361900,2623012,262301189,43517,2025-07-17 15:00:03,399613
28.051,1.0833,1.2346,2617.336,2588.924,2617.555,2585.588,2589.285,41802036800,31730970,3173097033,288259,2025-07-17 15:00:03,399614
27.901,0.8979,0.9291,3135.307,3112.211,3135.307,3106.436,3107.406,87549684500,41389816,4138981648,410668,2025-07-17 15:00:03,399615
35.98,0.5723,0.6805,6322.755,6283.626,6323.919,6281.139,6286.775000000001,43091942600,29776223,2977622294,466303,2025-07-17 15:00:03,399616
22.943,0.2404,0.8169,9565.595,9536.744,9610.482,9532.526,9542.652,8596318000,2959280,295928007,31740,2025-07-17 15:00:03,399617
138.891,1.701,1.8665,8303.947,8167.178,8304.214,8151.817,8165.056,31195156400,12827026,1282702593,129861,2025-07-17 15:00:03,399618
29.523,0.4222,0.7777,7021.601000000001,6996.325,7034.202,6979.828,6992.078,18445238600,16524885,1652488505,166117,2025-07-17 15:00:03,399619
112.059,2.5278,2.6394,4545.190000000001,4428.184,4545.190000000001,4428.184,4433.131,154196879000,66814051,6681405062,648673,2025-07-17 15:00:03,399620
241.58,3.9372,4.89,6377.419,6091.952,6391.992,6091.952,6135.839,49100075200,8331631,833163137,91306,2025-07-17 15:00:03,399621
-1.168,-0.0704,0.7508,1658.605,1661.236,1664.079,1651.617,1659.773,3346089600,4886044,488604420,56935,2025-07-17 15:00:03,399622
114.563,1.5521,1.5205,7495.701,7383.469,7495.701,7383.469,7381.138,195950335700,120432512,12043251249,1360897,2025-07-17 15:00:03,399623
25.836,1.233,1.4589,2121.143,2093.083,2121.143,2090.574,2095.307,196117043600,115223294,11522329406,1287384,2025-07-17 15:00:03,399624
30.99,1.6566,1.6804,1901.724,1870.288,1901.724,1870.288,1870.734,352778841400,156124694,15612469411,1627964,2025-07-17 15:00:03,399625
23.838,1.6489,1.6919,1469.509,1445.049,1469.509,1445.049,1445.671,139408870100,46035379,4603537922,480417,2025-07-17 15:00:03,399626
17.386,0.8044,0.7655,2178.775,2162.23,2178.775,2162.23,2161.389,66636379400,37620977,3762097675,413343,2025-07-17 15:00:03,399627
19.962,1.0147,1.258,1987.261,1964.04,1987.261,1962.512,1967.299,88609746900,50291029,5029102870,609642,2025-07-17 15:00:03,399628
12.967,0.4893,0.5209,2662.879,2650.935,2662.879,2649.076,2649.912,43193036300,42242420,4224241952,488479,2025-07-17 15:00:03,399629
20.224,1.5447,1.5718,1329.468,1308.889,1329.468,1308.889,1309.244,224063221900,82670909,8267090855,927498,2025-07-17 15:00:03,399630
14.205,0.6877,0.7246,2079.708,2064.741,2079.708,2064.741,2065.503,111128971800,87576011,8757601050,973340,2025-07-17 15:00:03,399631
67.047,1.5718,1.624,4332.765,4263.489,4332.765,4263.489,4265.718,150743225800,52237732,5223773204,532960,2025-07-17 15:00:03,399632
66.467,1.3285,1.3223,5069.47,5003.462,5069.47,5003.317,5003.003,282415243300,117426318,11742631813,1200772,2025-07-17 15:00:03,399633
56.418,1.6414,1.525,3493.542,3441.125,3493.542,3441.125,3437.124,92114831700,39445746,3944574590,401123,2025-07-17 15:00:03,399634
24.492,1.5146,1.7836,1641.505,1615.048,1641.505,1612.664,1617.013,124721632100,28976208,2897620811,261701,2025-07-17 15:00:03,399635
93.185,1.8015,1.7341,5265.814,5176.114,5265.814,5176.114,5172.629,90881997600,28390104,2839010356,302720,2025-07-17 15:00:03,399636
-7.906,-0.4724,1.0313,1665.806,1666.53,1675.226,1657.965,1673.712,2833010400,6327207,632720720,89947,2025-07-17 15:00:03,399637
51.252,0.9707,0.8685,5330.905,5302.321,5332.678,5286.823,5279.653,37818759900,14426228,1442622777,124637,2025-07-17 15:00:03,399638
17.266,1.0712,1.0079,1629.072,1612.826,1629.072,1612.826,1611.806,20433162500,14063692,1406369158,144534,2025-07-17 15:00:03,399639
34.693,1.5346,1.652,2295.403,2258.484,2295.403,2258.055,2260.71,322917258500,137767270,13776727002,1490557,2025-07-17 15:00:03,399640
38.965,1.8156,1.8309,2185.107,2145.813,2185.107,2145.813,2146.142,242019996900,92035101,9203510122,934599,2025-07-17 15:00:03,399641
38.53,2.1532,2.02,1827.922,1791.777,1827.922,1791.777,1789.392,98125618500,51694192,5169419221,538223,2025-07-17 15:00:03,399642
49.33,1.8083,1.8836,2777.35,2725.965,2777.35,2725.965,2728.02,126712201500,32256167,3225616699,290010,2025-07-17 15:00:03,399643
18.855,0.5516,0.5427,3437.013,3418.463,3437.013,3418.463,3418.158,41141792100,31244212,3124421211,323255,2025-07-17 15:00:03,399644
57.301,0.6447,0.6819,8944.645,8884.045,8944.645,8884.045,8887.344000000001,38272833200,21916289,2191628915,244530,2025-07-17 15:00:03,399645
27.252,0.3474,0.6624,7872.589,7843.417,7895.387,7843.417,7845.337,35091097800,20019359,2001935874,284198,2025-07-17 15:00:03,399646
136.385,1.7012,1.8662,8153.349,8019.527,8154.285,8004.674,8016.964,26883054300,11267886,1126788553,100435,2025-07-17 15:00:03,399647
59.306,0.5602,0.5825,10646.198,10585.301,10646.973,10585.301,10586.892,107855267300,47956690,4795668962,515140,2025-07-17 15:00:03,399648
24.45,0.8723,0.8879,2827.351,2802.617,2827.505,2802.617,2802.901,20068985700,11648927,1164892678,137094,2025-07-17 15:00:03,399649
43.599,2.1253,2.149,2095.035,2050.95,2095.035,2050.95,2051.436,36235285900,12702142,1270214162,128213,2025-07-17 15:00:03,399650
23.929,1.6038,1.6299,1515.98,1491.749,1516.068,1491.749,1492.051,35879296500,12484819,1248481859,116924,2025-07-17 15:00:03,399651
35.095,1.0826,1.6444,3276.928,3232.994,3277.843,3224.535,3241.833,26780262900,9713498,971349775,106681,2025-07-17 15:00:03,399652
22.605,0.9229,0.9342,2471.84,2448.96,2471.84,2448.96,2449.235,69771787400,28069179,2806917905,369825,2025-07-17 15:00:03,399653
18.219,0.6867,1.241,2671.371,2646.579,2671.371,2638.446,2653.152,40696685900,33666552,3366655175,454131,2025-07-17 15:00:03,399654
48.494,0.4904,0.6493,9937.147,9883.723,9937.147,9872.942000000001,9888.653,52894716700,17155598,1715559778,189684,2025-07-17 15:00:03,399655
66.129,1.2218,1.2699,5478.506,5409.774,5478.506,5409.774,5412.377,150743225800,52237732,5223773204,532960,2025-07-17 15:00:03,399656
75.508,1.289,1.2939,5933.262,5857.471,5933.262,5857.471,5857.754,282415243300,117426318,11742631813,1200772,2025-07-17 15:00:03,399657
67.792,1.7257,1.7054,3996.254,3929.257,3996.254,3929.257,3928.462,92114831700,39445746,3944574590,401123,2025-07-17 15:00:03,399658
47.941,1.2498,1.2816,3883.92,3836.057,3883.92,3834.759,3835.979,375626944300,182741962,18274196238,1935630,2025-07-17 15:00:03,399659
43.054,2.1028,2.0073,2090.557,2049.458,2090.557,2049.458,2047.503,156661797700,40901400,4090140005,340579,2025-07-17 15:00:03,399660
26.827,0.4946,0.5035,5451.098,5424.47,5451.098,5423.787,5424.271,42144466600,32127731,3212773112,348858,2025-07-17 15:00:03,399661
32.223,1.8683,1.9183,1756.985,1725.511,1756.985,1723.899,1724.762,152771545200,41877898,4187789822,357400,2025-07-17 15:00:03,399662
3.659,0.2034,0.4574,1802.169,1798.69,1803.329,1795.103,1798.51,29652998100,20879470,2087946962,249543,2025-07-17 15:00:03,399663
21.531,1.8552,1.925,1182.109,1161.049,1182.109,1159.768,1160.578,83399007900,50378346,5037834560,540791,2025-07-17 15:00:03,399664
16.102,0.7952,0.7853,2041.08,2025.177,2041.08,2025.177,2024.978,81785603600,47880795,4788079525,518198,2025-07-17 15:00:03,399665
26.88,1.7261,2.0019,1584.114,1554.873,1584.114,1552.939,1557.234,194442123100,63664089,6366408949,632064,2025-07-17 15:00:03,399666
84.372,2.3738,2.6114,3638.66,3549.268,3642.084,3549.268,3554.288,96335935000,20166946,2016694647,186055,2025-07-17 15:00:03,399667
27.034,0.6595,0.7542,4126.337,4105.406,4129.769,4098.852,4099.303,55145871500,25248838,2524883804,201303,2025-07-17 15:00:03,399668
31.617,0.398,0.7259,7975.829,7945.28,7999.481,7941.812,7944.212,16588869200,7421983,742198283,79087,2025-07-17 15:00:03,399669
71.221,2.1753,1.8916,3345.328,3283.396,3345.328,3283.396,3274.107,77817880100,34796516,3479651591,350494,2025-07-17 15:00:03,399670
137.197,1.8343,2.0605,7616.904,7462.784000000001,7616.904,7462.784000000001,7479.707,63166224200,21530887,2153088701,277518,2025-07-17 15:00:03,399671
5.496,0.1411,0.5021,3899.853,3894.467,3907.472,3887.919,3894.357,9817190600,8266250,826624976,81310,2025-07-17 15:00:03,399672
45.013,2.0121,2.1303,2282.115,2235.787,2283.444,2235.787,2237.102,103700373000,21268490,2126849025,215992,2025-07-17 15:00:03,399673
33.968,1.7518,1.7722,1972.996,1939.703,1972.996,1938.632,1939.028,73919338400,46913026,4691302585,500316,2025-07-17 15:00:03,399674
42.99,1.3107,2.0257,3322.98,3273.712,3330.041,3263.598,3279.99,105064033400,50974289,5097428864,543004,2025-07-17 15:00:03,399675
60.623,1.6674,1.5928,3696.445,3638.986,3696.899,3638.986,3635.822,73919338400,46913026,4691302585,500316,2025-07-17 15:00:03,399676
62.196,1.1313,1.7972,5560.046,5488.769,5568.153,5469.343,5497.85,105064033400,50974289,5097428864,543004,2025-07-17 15:00:03,399677
9.052,1.7845,2.0779,516.302,507.097,516.331,505.791,507.25,17671698400,5984380,598438033,91489,2025-07-17 15:00:03,399678
82.721,1.6964,1.6116,4959.009,4880.993,4959.009,4880.425,4876.288,131672017600,65188586,6518858609,667812,2025-07-17 15:00:03,399679
7.722,1.2705,1.3574,615.493,608.117,616.351,608.101,607.771,1228895400,1567788,156778808,28716,2025-07-17 15:00:03,399680
9.641,1.0825,1.2328,900.239,890.375,900.4060000000001,889.427,890.5980000000001,31161600300,21477878,2147787841,190118,2025-07-17 15:00:03,399681
11.659,0.8344,0.8114,1408.886,1400.276,1408.886,1397.549,1397.227,67459408100,32080016,3208001638,305856,2025-07-17 15:00:03,399682
8.996,0.4891,0.6905,1848.431,1838.835,1851.536,1838.835,1839.435,34253375600,22276022,2227602224,324591,2025-07-17 15:00:03,399683
4.946,0.2634,0.7997,1882.732,1876.727,1890.08,1875.063,1877.786,9828573100,3390077,339007711,34982,2025-07-17 15:00:03,399684
27.649,1.6618,1.82,1691.467,1664.297,1691.467,1661.186,1663.818,27931265100,11750561,1175056108,107558,2025-07-17 15:00:03,399685
9.153,0.4305,0.7974,2135.11,2125.859,2138.721,2121.769,2125.957,23548477100,22839645,2283964516,268878,2025-07-17 15:00:03,399686
78.62,2.6522,2.7322,3042.912,2961.922,3042.912,2961.922,2964.292,135381661000,55294602,5529460181,521811,2025-07-17 15:00:03,399687
134.662,4.4395,5.4013,3167.913,3013.274,3177.109,3013.274,3033.251,40697010200,5864248,586424843,60570,2025-07-17 15:00:03,399688
-0.396,-0.0475,0.7573,832.644,833.672,835.289,828.98,833.04,2901231300,4356248,435624753,47099,2025-07-17 15:00:03,399689
40.806,1.1747,1.3921,3514.484,3472.083,3514.484,3466.126,3473.678,35604634800,15477460,1547746028,153878,2025-07-17 15:00:03,399692
51.413,1.1299,1.5724,4601.451,4558.659,4609.732,4538.188,4550.038,28286842300,17163021,1716302076,190815,2025-07-17 15:00:03,399693
57.362,1.7356,2.1129,3362.45,3299.354,3362.45,3292.617,3305.088,94686625100,34509026,3450902596,396728,2025-07-17 15:00:03,399694
24.025,1.1011,1.1955,2205.876,2187.419,2205.876,2179.793,2181.851,58880566400,29794094,2979409354,262628,2025-07-17 15:00:03,399695
60.806,2.0866,2.0024,2974.872,2916.521,2974.872,2916.521,2914.066,79763690400,41724755,4172475520,478087,2025-07-17 15:00:03,399696
57.447,1.7805,2.2727,3283.963,3223.56,3286.014,3212.684,3226.516,44159558300,23139930,2313992958,247088,2025-07-17 15:00:03,399697
349.432,0.7393,1.3354,47617.17,47086.403,47617.17,46985.954,47267.738,10072454200,4838857,483885711,47673,2025-07-17 15:00:03,399698
41.97,0.9648,1.2961,4392.121,4356.941,4410.533,4354.15,4350.151,88144199700,37628108,3762810803,4854,2025-07-17 15:00:12,399699
60.869,0.8187,0.8496,7495.843,7432.676,7495.843,7432.676,7434.974,67356885900,39545515,3954551501,414869,2025-07-17 15:00:03,399701
60.002,0.887,0.8824,6824.236,6764.55,6824.236,6764.55,6764.234,109491827700,61954281,6195428065,649404,2025-07-17 15:00:03,399702
62.535,0.947,0.922,6665.743,6604.860000000001,6665.743,6604.860000000001,6603.208000000001,157746854000,87751314,8775131410,936254,2025-07-17 15:00:03,399703
51.407,1.2003,1.6238,4334.103,4279.094,4338.967,4269.426,4282.696,25621014300,18448872,1844887173,186325,2025-07-17 15:00:03,399704
66.624,2.2551,2.2427,3021.049,2954.79,3021.049,2954.79,2954.425,173491250600,61761855,6176185453,567635,2025-07-17 15:00:03,399705
47.986,0.8634,0.9473,5605.593,5552.944,5605.593,5552.944,5557.607,84978338200,31229715,3122971475,340751,2025-07-17 15:00:03,399706
35.832,0.5694,1.057,6329.247,6295.323,6343.98,6277.459,6293.415,31807321400,28012397,2801239680,20034,2025-07-17 15:00:12,399707
92.677,1.1141,1.1951,8411.123,8311.710000000001,8411.123,8311.710000000001,8318.446,67162000100,33945964,3394596413,383994,2025-07-17 15:00:03,399750
77.419,1.4283,1.5561,5497.7,5414.364,5497.7,5413.356,5420.281,139090564800,71820980,7182097973,736559,2025-07-17 15:00:03,399802
67.156,1.6955,2.0771,4027.924,3954.969,4027.924,3945.655,3960.768,57461396100,22124723,2212472271,1921,2025-07-17 15:00:12,399803
4.001,0.2278,0.9202,1760.473,1754.541,1764.176,1748.013,1756.472,13344728400,7710415,771041456,20127,2025-07-17 15:00:12,399804
31.927,0.8217,1.0737,3917.582,3896.453,3935.197,3893.478,3885.655,79883386400,38106017,3810601652,4854,2025-07-17 15:00:12,399805
2.399,0.1895,0.8151,1268.567,1272.255,1275.395,1265.074,1266.168,9240367600,10727411,1072741103,2941,2025-07-17 15:00:12,399806
1.477,0.1129,0.419,1309.237,1308.806,1310.307,1304.828,1307.76,9086410000,10711849,1071184934,76706,2025-07-17 15:00:12,399807
22.366,1.1615,1.1824,1948.017,1936.317,1948.081,1925.313,1925.651,52598817900,27821888,2782188794,14678,2025-07-17 15:00:12,399808
-1.432,-0.06,0.6458,2384.437,2381.037,2394.586,2379.177,2385.869,19623512400,20641844,2064184434,15576,2025-07-17 15:00:09,399809
16.722,0.5871,1.178,2864.762,2841.16,2864.762,2831.212,2848.04,36371042700,31342200,3134219964,704,2025-07-17 15:00:12,399810
103.615,2.7014,2.7628,3939.162,3833.248,3939.217,3833.248,3835.547,84685283200,25023118,2502311849,10458,2025-07-17 15:00:12,399811
45.236,0.7209,0.6947,6319.821,6276.39,6319.981,6276.39,6274.585,30455185700,12051316,1205131622,1246,2025-07-17 15:00:12,399812
121.926,1.7956,2.0717,6912.104,6791.454,6915.053,6774.383,6790.178,106801828800,51562958,5156295825,12314,2025-07-17 15:00:12,399813
6.923,0.6568,0.8024,1061.04,1054.986,1063.444,1054.986,1054.117,13307810200,7179771,717977095,51402,2025-07-17 15:00:12,399814
101.118,1.3726,1.4534,7467.984,7360.911,7467.984,7360.911,7366.866,104161316600,29511677,2951167722,316846,2025-07-17 15:00:03,399850
73.608,1.1391,1.3079,6535.671,6458.414,6535.671,6451.153,6462.063,325983691200,227831646,22783164600,361282,2025-07-17 15:00:45,399852
-5.508,-0.0924,0.4799,5957.661,5955.940000000001,5966.918000000001,5938.302,5963.169,62743353800,59538219,5953821900,362943,2025-07-17 15:00:45,399901
23.346,0.6164,0.6794,3810.818,3785.235,3810.968,3785.235,3787.472,163068449200,72633182,7263318200,137848,2025-07-17 15:00:45,399903
65.269,1.0847,1.1537,6082.464,6013.714,6082.464,6013.044,6017.195,235042939300,149692658,14969265800,296957,2025-07-17 15:00:45,399905
125.262,1.5112,1.7589,8413.901,8279.912,8413.925,8268.139000000001,8288.639000000001,20227222600,5443587,544358700,2561,2025-07-17 15:00:45,399913
-3.949,-0.0585,0.6172,6750.009,6746.452,6772.207,6730.52,6753.958000000001,47850402700,42615422,4261542200,192412,2025-07-17 15:00:45,399914
-0.707,-0.027,0.6668,2620.749,2622.428,2627.601,2610.121,2621.456,6373655000,7361865,736186500,12359,2025-07-17 15:00:45,399928
89.154,0.5688,0.7036,15764.154,15676.123,15786.419,15676.123,15675.0,18817558300,4965225,496522500,8062,2025-07-17 15:00:45,399932
125.625,1.5269,1.6675,8353.341,8226.518,8353.559,8216.362000000001,8227.716,41118800700,13488666,1348866600,10029,2025-07-17 15:00:45,399933
-0.792,-0.0126,0.6051,6289.556,6284.136,6308.342000000001,6270.277,6290.348,68371625700,73662512,7366251200,286170,2025-07-17 15:00:45,399934
100.83,2.141,2.4109,4810.272,4701.097,4810.272,4696.733,4709.442,160430974000,51100801,5110080100,73135,2025-07-17 15:00:45,399935
51.24,3.3256,3.368,1592.005,1540.749,1592.168,1540.275,1540.765,25854237500,8428869,842886942,2715,2025-07-17 15:00:12,399959
6.965,0.2681,0.8573,2604.821,2587.612,2608.351,2586.079,2597.856,4501204100,9989944,998994440,30660,2025-07-17 15:00:09,399965
26.775,0.4342,0.8284,6192.594,6163.76,6204.651,6153.573,6165.819,33783527600,27218198,2721819763,20034,2025-07-17 15:00:12,399966
302.726,2.6563,2.76,11699.244,11393.096,11699.244,11384.702,11396.518,56054538700,25230927,2523092745,6008,2025-07-17 15:00:12,399967
61.207,1.8262,1.9875,3412.823,3347.812,3412.823,3346.21,3351.616,132038474800,61870562,6187056188,7408,2025-07-17 15:00:12,399970
5.557,0.4305,1.0212,1296.449,1287.526,1296.449,1283.266,1290.892,24327419600,24337847,2433784683,314,2025-07-17 15:00:12,399971
64.537,1.4269,1.455,4587.478,4521.67,4587.478,4521.67,4522.941,162277604100,58371983,5837198330,597474,2025-07-17 15:00:03,399972
54.337,3.4545,3.4434,1627.275,1573.172,1627.334,1573.172,1572.938,35745534700,13448042,1344804162,2715,2025-07-17 15:00:12,399973
9.959,0.5843,0.7608,1714.318,1702.723,1714.384,1701.417,1704.359,91874222700,47677451,4767745137,8267,2025-07-17 15:00:12,399974
4.564,0.5562,1.0548,825.105,820.681,827.0260000000001,818.371,820.541,31700675600,27801940,2780193952,20034,2025-07-17 15:00:12,399975
50.987,1.6924,1.8976,3063.617,3016.23,3063.617,3006.449,3012.63,39701041800,12739590,1273959016,16061,2025-07-17 15:00:12,399976
67.964,0.9074,0.9887,7557.637,7485.999,7557.685,7483.634,7489.673,235042939300,149692658,14969265800,296957,2025-07-17 15:00:45,399982
1.641,0.0782,0.8434,2100.405,2088.013,2105.401,2087.699,2098.764,1685133200,2617349,261734913,26632,2025-07-17 15:00:09,399983
-32.513,-0.3967,0.8732,8164.084,8184.974,8215.667,8144.098,8196.597,23691788300,30530020,3053001971,16400,2025-07-17 15:00:12,399986
9.643,0.1806,0.8886,5348.588,5333.499,5365.613,5318.172,5338.945,12257874200,2259525,225952453,426,2025-07-17 15:00:12,399987
94.836,1.3971,1.7085,6883.107,6791.748000000001,6883.231,6767.252,6788.271,20686485700,6938465,693846541,1608,2025-07-17 15:00:12,399989
11.032,0.4055,0.603,2731.569,2723.951,2734.615,2718.209,2720.537,4119522600,5921458,592145832,10598,2025-07-17 15:00:12,399990
19.716,0.9285,1.1781,2143.149,2118.74,2143.756,2118.74,2123.433,73365878200,52084422,5208442248,1838,2025-07-17 15:00:12,399991
27.966,1.5903,1.6628,1786.489,1757.996,1786.531,1757.29,1758.523,35716380900,24033198,2403319806,7993,2025-07-17 15:00:12,399992
71.191,2.6213,2.7133,2787.107,2716.712,2789.054,2715.364,2715.916,39371949700,15443162,1544316211,6347,2025-07-17 15:00:12,399993
18.031,1.064,1.6458,1712.665,1692.148,1715.036,1687.146,1694.634,46934668700,23981525,2398152545,5353,2025-07-17 15:00:12,399994
-12.715,-0.347,0.6415,3651.286,3649.288,3662.165,3638.661,3664.001,8440235400,13268957,1326895715,130672,2025-07-17 15:00:12,399995
57.789,1.6195,1.7744,3626.007,3566.913,3626.007,3562.693,3568.218,102169037900,38487149,3848714887,957,2025-07-17 15:00:12,399996
17.553,0.1892,0.9582,9295.745,9266.236,9325.232,9236.327,9278.192000000001,10619554900,1416105,141610511,5561,2025-07-17 15:00:09,399997
5.509,0.2964,0.613,1864.315,1860.648,1866.262,1854.867,1858.806,4119522600,5921458,592145832,10598,2025-07-17 15:00:12,399998
29.98,1.0866,1.3515,2789.04,2756.967,2789.04,2751.751,2759.06,428966346600,328346495,32834649461,1447158,2025-07-17 15:00:12,932000
103.481,2.9883,4.074,3566.38,3437.632,3578.711,3437.632,3462.899,79961674200,20179525,2017952472,293902,2025-07-17 15:00:05,970070
15.538,1.1507,1.0986,1365.848,1351.128,1365.963,1351.128,1350.31,100488892600,34290997,3429099662,50,2025-07-17 15:04:53,980001
97.746,1.5071,1.7923,6583.585,6479.301,6583.585,6467.338,6485.839,30282398500,9049685,904968457,95111,2025-07-17 15:00:14,980015
109.418,1.7593,1.8823,6328.926,6219.769,6328.926,6211.859,6219.508,32533199200,8761221,876122075,83981,2025-07-17 15:00:14,980016
64.6,0.7287,1.5064,8929.946,8846.404,8929.946,8796.4,8865.346,31731696000,4508498,450849753,63695,2025-07-17 15:00:17,980017
52.744,1.679,1.9944,3194.087,3138.875,3194.521,3131.87,3141.343,25298199100,11289764,1128976359,135549,2025-07-17 15:00:14,980018
30.536,1.379,2.4575,2244.951,2210.74,2256.307,2201.887,2214.415,28115364300,8358042,835804239,93774,2025-07-17 15:00:26,980022
24.078,1.132,1.5999,2151.038,2123.223,2151.421,2117.391,2126.96,36183562300,13857112,1385711167,253,2025-07-17 15:04:53,980023
11.222,0.5058,0.838,2229.977,2221.589,2230.231,2211.637,2218.755,24871456600,8497182,849718214,119005,2025-07-17 15:00:14,980027
44.891,0.3958,0.9513,11387.249,11331.262,11439.158,11331.262,11342.358,11663208400,4298678,429867772,61424,2025-07-17 15:00:14,980028
168.677,3.095,3.0041,5618.597,5454.877,5618.597,5454.877,5449.92,60403247300,24350629,2435062920,300046,2025-07-17 15:00:14,980030
172.676,1.6655,1.8545,10540.696,10386.438,10540.696,10348.426,10368.02,30613074200,9993065,999306536,134740,2025-07-17 15:00:26,980032
9.482,0.551,0.58,1730.272,1722.154,1730.679,1720.698,1720.79,12947509000,12261634,1226163395,163881,2025-07-17 15:00:26,980035
23.367,0.7362,0.9016,3197.353,3175.534,3197.803,3169.185,3173.986,24059131800,19749277,1974927682,180,2025-07-17 15:04:53,980068
80.471,2.6026,2.4918,3172.367,3100.935,3174.417,3097.374,3091.896,26902771900,12821213,1282121280,155488,2025-07-17 15:00:17,980076
6.274,0.1343,0.4216,4677.104,4675.38,4687.322,4667.63,4670.83,28818971200,22617296,2261729598,327008,2025-07-17 15:00:14,980092
35.534,1.6616,1.8719,2174.032,2135.92,2175.755,2135.725,2138.498,136258383100,28976208,2897620811,412424,2025-07-17 15:00:05,988006
35.053,1.6524,1.8658,2156.364,2118.658,2158.085,2118.506,2121.311,17357509500,28976208,2897620811,412424,2025-07-17 15:00:05,988007
39.351,1.6636,1.8719,2404.825,2362.668,2406.731,2362.452,2365.474,136258383100,28976208,2897620811,412424,2025-07-17 15:00:05,988106
38.819,1.6544,1.8658,2385.274,2343.565,2387.178,2343.397,2346.455,17357509500,28976208,2897620811,412424,2025-07-17 15:00:05,988107
19.33,1.1763,1.099,1662.605,1644.687,1662.746,1644.687,1643.275,100488892600,34290997,3429099662,50,2025-07-17 15:04:53,988201
