dm,p,o,h,l,yc,cje,v,pv,ud,pc,zf,t,tv
000001.SH,3505.698,3519.805,3527.038,3495.33,3519.6498,345594269900,320411093,32041109300,-13.9518,-0.3964,0.9009,2025-07-15 10:45:33,
000002.SH,3674.596,3689.415,3697.01,3663.68,3689.2212,345298880300,320151580,32015158000,-14.6252,-0.3964,0.9034,2025-07-15 10:45:33,
000003.SH,259.55,261.378,261.561,259.252,262.8982,68599100,221811,22181100,-3.3482,-1.2736,0.8783,2025-07-15 10:45:33,
000004.SH,2967.731,2976.169,2984.376,2960.796,2978.5458,248573865700,199679722,19967972200,-10.8148,-0.3631,0.7917,2025-07-15 10:45:33,
000005.SH,2851.998,2863.321,2870.007,2839.558,2860.937,25560437900,25627736,2562773600,-8.939,-0.3125,1.0643,2025-07-15 10:45:33,
000006.SH,4801.215,4849.515,4854.103,4778.645,4851.4791,2653349000,4725505,472550500,-50.2641,-1.0361,1.5554,2025-07-15 10:45:33,
000007.SH,4621.666,4665.763,4667.336,4606.408,4674.408,18781552900,33425561,33425561,-52.742,-1.1283,1.3034,2025-07-15 10:45:42,17823
000008.SH,3505.184,3522.4,3531.963,3492.26,3515.841,50080820700,57041852,57041852,-10.657,-0.3031,1.1293,2025-07-15 10:45:42,10930
000009.SH,5618.192,5636.003,5656.965,5603.605,5645.2803,65825789000,56217506,5621750600,-27.0883,-0.4798,0.9452,2025-07-15 10:45:42,
000010.SH,8831.928,8846.611,8873.259,8803.499,8841.9534,89246508600,62439396,6243939600,-10.0254,-0.1134,0.789,2025-07-15 10:45:42,
000011.SH,6955.235000000001,6955.419,6959.955,6952.774,6954.8537,100518854700,540445051,54044505100,0.3813,0.0055,0.1033,2025-07-15 10:45:42,
000012.SH,225.945,225.911,225.948,225.897,225.893,4549891100,4432859,443285900,0.052,0.023,0.0226,2025-07-15 10:45:42,
000013.SH,299.606,299.606,299.606,299.606,299.606,0,0,0,0.0,0.0,0.0,2025-07-15 00:00:00,
000015.SH,3128.144,3148.69,3154.465,3120.844,3151.1352,11317192800,13333870,1333387000,-22.9912,-0.7296,1.0669,2025-07-15 10:45:42,
000016.SH,2751.376,2758.718,2765.496,2741.385,2757.808,36392138800,18673967,1867396700,-6.432,-0.2332,0.8743,2025-07-15 10:45:42,
000017.SH,2962.385,2974.654,2980.781,2953.96,2974.4996,340409701400,315044897,31504489700,-12.1146,-0.4073,0.9017,2025-07-15 10:45:42,
000018.SH,6036.362,6064.355,6085.162,6011.323,6047.0993,20322753300,17490601,1749060100,-10.7373,-0.1776,1.2211,2025-07-15 10:45:42,
000019.SH,1154.558,1158.046,1160.367,1150.673,1157.5649,57309395400,42381777,4238177700,-3.0069,-0.2598,0.8374,2025-07-15 10:45:42,
000020.SH,1326.184,1335.121,1339.736,1324.105,1338.2554,88746728000,53358342,5335834200,-12.0714,-0.902,1.168,2025-07-15 10:45:42,
000021.SH,1021.816,1024.641,1026.726,1018.293,1024.1146,38316319800,27214152,2721415200,-2.2986,-0.2244,0.8234,2025-07-15 10:45:42,
000022.SH,251.14,251.14,251.14,251.139,251.1208,64849200,64283,6428300,0.0192,0.0076,0.0004,2025-07-15 10:36:12,
000025.SH,1882.758,1891.917,1893.774,1875.503,1891.2465,7236735100,10719847,1071984700,-8.4885,-0.4488,0.9661,2025-07-15 10:45:42,
000026.SH,3841.227,3861.342,3876.397,3837.625,3864.6774,13864900200,7393855,739385500,-23.4504,-0.6068,1.0032,2025-07-15 10:45:42,
000027.SH,764.712,768.546,770.02,762.914,769.1041,2167419000,2684105,268410500,-4.3921,-0.5711,0.9239,2025-07-15 10:45:42,
000028.SH,3234.785,3241.508,3254.652,3225.871,3243.8309,33191772800,13561484,1356148400,-9.0459,-0.2789,0.8873,2025-07-15 10:45:42,
000029.SH,4510.635,4529.964,4543.076,4493.93,4519.8571,25339998000,25320655,2532065500,-9.2221,-0.204,1.0873,2025-07-15 10:45:42,
000030.SH,2108.4,2110.339,2117.14,2102.322,2110.8245,67018262000,40513036,4051303600,-2.4245,-0.1149,0.702,2025-07-15 10:45:42,
000031.SH,3218.781,3230.175,3239.529,3207.346,3224.3172,59166487300,52272208,5227220800,-5.5362,-0.1717,0.9981,2025-07-15 10:45:42,
000032.SH,1805.479,1816.364,1819.127,1800.685,1821.36,5512594700,8237199,8237199,-15.881,-0.8719,1.0125,2025-07-15 10:45:51,2220
000033.SH,2421.788,2436.193,2447.378,2420.905,2437.918,23757204900,25944365,25944365,-16.13,-0.6616,1.0859,2025-07-15 10:45:51,1846
000034.SH,2086.044,2089.098,2094.764,2077.473,2092.8052,12559435900,13169265,1316926500,-6.7612,-0.3231,0.8262,2025-07-15 10:45:51,
000035.SH,2739.644,2726.503,2748.903,2726.271,2726.9575,11845976800,8088527,808852700,12.6865,0.4652,0.8299,2025-07-15 10:45:51,
000036.SH,10882.222,10952.444,10977.622,10865.11,10988.7249,6671121500,1618213,161821300,-106.5029,-0.9692,1.0239,2025-07-15 10:45:51,
000037.SH,6365.624,6370.203,6410.072,6343.607,6373.4848,10926402700,3442039,344203900,-7.8608,-0.1233,1.0428,2025-07-15 10:45:51,
000038.SH,6012.172,6042.386,6061.77,5988.014,6026.5812,17138234500,13804961,1380496100,-14.4092,-0.2391,1.2238,2025-07-15 10:45:51,
000039.SH,3817.558,3796.691,3831.447,3793.1,3788.6383,28921745500,7170369,717036900,28.9197,0.7633,1.0122,2025-07-15 10:45:51,
000040.SH,3662.804,3667.386,3680.691,3648.83,3671.0352,7080112000,4594656,459465600,-8.2312,-0.2242,0.8679,2025-07-15 10:45:51,
000041.SH,2522.159,2551.263,2551.726,2515.568,2551.7018,6368683400,13957144,1395714400,-29.5428,-1.1578,1.417,2025-07-15 10:45:51,
000042.SH,1794.569,1801.645,1805.257,1788.068,1800.9846,23621480900,22411483,2241148300,-6.4156,-0.3562,0.9544,2025-07-15 10:45:51,
000043.SH,2224.326,2231.145,2235.892,2217.322,2230.7246,19912260100,7745716,774571600,-6.3986,-0.2868,0.8325,2025-07-15 10:45:51,
000044.SH,4140.449000000001,4149.602,4163.028,4130.17,4142.8096,52894106700,43788830,4378883000,-2.3606,-0.057,0.7931,2025-07-15 10:45:51,
000045.SH,4784.858,4804.706,4821.37,4772.302,4812.3964,75747460800,71999713,7199971300,-27.5384,-0.5722,1.0196,2025-07-15 10:45:51,
000046.SH,4466.701,4480.471,4494.894,4455.464,4479.6738,128641567500,115788543,11578854300,-12.9728,-0.2896,0.8802,2025-07-15 10:45:51,
000047.SH,3496.771,3507.021,3516.851,3486.326,3506.1542,165065840800,134473128,13447312800,-9.3832,-0.2676,0.8706,2025-07-15 10:45:51,
000048.SH,1439.961,1444.04,1447.748,1435.097,1442.2043,24361534100,13791013,1379101300,-2.2433,-0.1555,0.8772,2025-07-15 10:45:51,
000049.SH,1594.607,1597.809,1602.943,1590.558,1598.1945,23706537100,13925618,1392561800,-3.5875,-0.2245,0.7749,2025-07-15 10:45:51,
000050.SH,2118.721,2121.599,2128.27,2110.314,2121.2243,36424273300,18684585,1868458500,-2.5033,-0.118,0.8465,2025-07-15 10:45:51,
000051.SH,8321.582,8340.056,8365.406,8296.545,8333.7581,89318380000,62473415,6247341500,-12.1761,-0.1461,0.8263,2025-07-15 10:45:51,
000052.SH,2921.741,2932.219,2939.088,2910.552,2929.1722,36424273300,18684585,1868458500,-7.4312,-0.2537,0.9742,2025-07-15 10:45:51,
000053.SH,12208.151,12249.053,12281.521,12167.039,12233.3072,89318380000,62473415,6247341500,-25.1562,-0.2056,0.9358,2025-07-15 10:45:51,
000054.SH,1459.831,1465.567,1470.135,1454.81,1462.533,30383120800,25154200,25154200,-2.702,-0.1847,1.0478,2025-07-15 10:46:00,2655
000055.SH,1448.071,1453.155,1458.689,1444.68,1452.168,31634473300,28895727,28895727,-4.097,-0.2821,0.9647,2025-07-15 10:46:00,3595
000056.SH,1154.398,1159.06,1161.354,1151.258,1158.2522,35830883400,24453267,2445326700,-3.8542,-0.3328,0.8717,2025-07-15 10:46:03,
000057.SH,3277.892,3284.916,3297.62,3270.26,3289.1043,41821280900,20459652,2045965200,-11.2123,-0.3409,0.8318,2025-07-15 10:46:03,
000058.SH,4628.650000000001,4649.524,4661.079,4612.899,4643.1576,42470556500,51714017,5171401700,-14.5076,-0.3125,1.0377,2025-07-15 10:46:03,
000059.SH,2752.13,2756.157,2765.956,2745.518,2758.3165,129532111300,89728310,8972831000,-6.1865,-0.2243,0.741,2025-07-15 10:46:03,
000060.SH,4222.587,4240.697,4251.602,4208.663,4236.1094,130181386900,120982675,12098267500,-13.5224,-0.3192,1.0136,2025-07-15 10:46:03,
000061.SH,178.843,178.832,178.845,178.832,178.8221,13752300,13700,1370000,0.0209,0.0117,0.0073,2025-07-15 10:02:18,
000062.SH,1983.476,1983.406,1994.87,1975.164,1981.7314,17492120700,14215815,1421581500,1.7446,0.088,0.9944,2025-07-15 10:46:03,
000063.SH,3745.953,3766.15,3775.565,3734.234,3760.1166,31972414200,22573633,2257363300,-14.1636,-0.3767,1.0992,2025-07-15 10:46:03,
000064.SH,3126.429,3126.798,3136.439,3116.555,3126.4089,52624914900,28797723,2879772300,0.0201,0.0006,0.636,2025-07-15 10:46:03,
000065.SH,3259.09,3265.811,3278.667,3247.969,3265.9165,51485481500,40684127,4068412700,-6.8265,-0.209,0.94,2025-07-15 10:46:03,
000066.SH,2649.015,2664.18,2677.033,2646.239,2674.9446,25043199100,27489694,2748969400,-25.9296,-0.9694,1.1512,2025-07-15 10:46:03,
000067.SH,6999.72,6979.84,7027.695,6977.52,6972.8189,36411781800,12437692,1243769200,26.9011,0.3858,0.7196,2025-07-15 10:46:03,
000068.SH,2878.037,2897.034,2909.144,2876.006,2905.6374,22041605100,15893274,1589327400,-27.6004,-0.9499,1.1405,2025-07-15 10:46:03,
000069.SH,4750.747,4753.784,4776.656,4738.897,4756.5291,22486329700,7610936,761093600,-5.7821,-0.1216,0.7938,2025-07-15 10:46:03,
000070.SH,2519.899,2555.209,2555.209,2512.546,2569.5396,5519349800,8249308,824930800,-49.6406,-1.9319,1.6603,2025-07-15 10:46:03,
000071.SH,3297.981,3315.893,3332.91,3297.095,3322.1835,23778705400,25958758,2595875800,-24.2025,-0.7285,1.0781,2025-07-15 10:46:03,
000072.SH,2729.684,2735.578,2744.53,2720.646,2739.2214,12581600300,13189990,1318999000,-9.5374,-0.3482,0.8719,2025-07-15 10:46:03,
000073.SH,3122.721,3113.421,3136.767,3113.421,3117.6976,11859816900,8098715,809871500,5.0234,0.1611,0.7488,2025-07-15 10:46:03,
000074.SH,6774.991,6832.231,6847.601000000001,6764.316,6862.3772,6681041200,1621034,162103400,-87.3862,-1.2734,1.2136,2025-07-15 10:46:03,
000075.SH,7248.37,7256.837,7290.452,7217.196,7275.891000000001,10949797700,3451223,3451223,-27.521,-0.3782,1.0068,2025-07-15 10:46:12,893
000076.SH,5911.266000000001,5936.659000000001,5956.915,5887.355,5919.939,16905723200,13411887,13411887,-8.673,-0.1465,1.175,2025-07-15 10:46:12,1823
000077.SH,4401.429,4383.37,4423.465,4381.481,4372.885,29001435400,7189851,7189851,28.544,0.6527,0.9601,2025-07-15 10:46:12,2738
000078.SH,3098.878,3104.195,3115.103,3085.902,3107.7798,7094642600,4603256,460325600,-8.9018,-0.2864,0.9396,2025-07-15 10:46:12,
000079.SH,2385.927,2419.031,2419.852,2378.249,2420.9165,6378876600,13980482,1398048200,-34.9895,-1.4453,1.7185,2025-07-15 10:46:12,
000090.SH,1264.233,1270.038,1272.816,1260.951,1270.3948,341376193200,315877255,31587725500,-6.1618,-0.485,0.934,2025-07-15 10:46:12,
000091.SH,12343.993,12463.376,12476.636,12324.384,12467.3478,24187486300,18971435,1897143500,-123.3548,-0.9894,1.2212,2025-07-15 10:46:12,
000092.SH,3473.073,3489.456,3502.041,3469.425,3494.21,23164773600,14345167,1434516700,-21.137,-0.6049,0.9334,2025-07-15 10:46:12,
000093.SH,11102.943,11144.501,11170.548,11074.409,11144.9888,89503220100,62598648,6259864800,-42.0458,-0.3773,0.8626,2025-07-15 10:46:12,
000094.SH,3156.569,3175.627,3188.717,3154.13,3183.3407,21857274700,15770095,1577009500,-26.7717,-0.841,1.0865,2025-07-15 10:46:12,
000095.SH,2966.329,2967.245,2980.352,2958.462,2966.5185,64545081100,44205627,4420562700,-0.1895,-0.0064,0.7379,2025-07-15 10:46:12,
000096.SH,4196.183,4203.291,4219.525,4184.182,4209.1985,36991119100,19055257,1905525700,-13.0155,-0.3092,0.8397,2025-07-15 10:46:12,
000097.SH,8571.374,8558.176,8616.268,8552.375,8553.3529,34444832300,11246030,1124603000,18.0211,0.2107,0.747,2025-07-15 10:46:12,
000098.SH,5341.332,5364.883,5375.569,5324.181,5361.5205,81060339000,86350297,8635029700,-20.1885,-0.3765,0.9585,2025-07-15 10:46:12,
000099.SH,7973.854,8025.448,8035.947,7955.135,8033.0513,57415514800,49407000,4940700000,-59.1973,-0.7369,1.006,2025-07-15 10:46:12,
000100.SH,5930.863,5958.926,5969.937,5912.707,5956.6385,138475853800,135757297,13575729700,-25.7755,-0.4327,0.9608,2025-07-15 10:46:12,
000101.SH,248.99,248.988,248.99,248.988,248.9714,13761500,13709,1370900,0.0186,0.0075,0.0008,2025-07-15 10:28:33,
000102.SH,5661.879,5675.946,5702.53,5649.629,5686.5161,23243673200,12892386,1289238600,-24.6371,-0.4333,0.9303,2025-07-15 10:46:12,
000103.SH,7893.525000000001,7922.458000000001,7951.719,7871.66,7937.4011,12949110200,3388273,338827300,-43.8761,-0.5528,1.0086,2025-07-15 10:46:12,
000104.SH,1279.083,1294.948,1296.218,1276.581,1307.1842,1801974300,2498818,249881800,-28.1012,-2.1498,1.5022,2025-07-15 10:46:12,
000105.SH,4090.003,4094.59,4121.995,4088.1,4104.535,9296882200,8013137,801313700,-14.532,-0.354,0.8258,2025-07-15 10:46:12,
000106.SH,4774.643,4798.641000000001,4814.626,4764.74,4800.219,16292438100,15422241,15422241,-25.576,-0.5328,1.0392,2025-07-15 10:46:21,3209
000107.SH,5183.57,5183.462,5212.011,5173.218,5198.989,3852176700,2069769,2069769,-15.419,-0.2966,0.7462,2025-07-15 10:46:21,449
000108.SH,11717.753,11853.074,11863.586,11702.986,11875.9505,2349613300,1444324,144432400,-158.1975,-1.3321,1.3523,2025-07-15 10:46:21,
000109.SH,10291.333,10314.708,10361.559,10247.577,10353.0439,6086760300,2639313,263931300,-61.7109,-0.5961,1.101,2025-07-15 10:46:21,
000110.SH,4276.529,4294.808,4306.886,4247.675,4290.1021,7000013300,7507415,750741500,-13.5731,-0.3164,1.3802,2025-07-15 10:46:21,
000111.SH,8140.936000000001,8116.634,8197.557,8116.634,8127.6147,9990651300,2920396,292039600,13.3213,0.1639,0.9957,2025-07-15 10:46:21,
000112.SH,4672.825,4670.291,4714.900000000001,4659.774,4662.1912,5247441300,1925092,192509200,10.6338,0.2281,1.1824,2025-07-15 10:46:21,
000113.SH,2594.074,2636.637,2637.03,2580.022,2641.8504,2836273700,9450500,945050000,-47.7764,-1.8084,2.1579,2025-07-15 10:46:21,
000114.SH,1180.183,1188.5,1190.219,1177.657,1190.3503,8976308600,7356798,735679800,-10.1673,-0.8541,1.0553,2025-07-15 10:46:21,
000115.SH,7460.811000000001,7497.237,7519.125,7443.21,7506.8495,66080190700,56432650,5643265000,-46.0385,-0.6133,1.0113,2025-07-15 10:46:21,
000116.SH,198.172,198.166,198.174,198.166,198.1553,17977000,17907,1790700,0.0167,0.0084,0.004,2025-07-15 10:36:12,
000117.SH,3617.321,3616.05,3640.996,3611.743,3625.1117,20660253300,8339222,833922200,-7.7907,-0.2149,0.807,2025-07-15 10:46:21,
000118.SH,9166.942000000001,9222.034,9230.365,9137.284,9234.6973,16158252500,25097423,2509742300,-67.7553,-0.7337,1.0079,2025-07-15 10:46:21,
000119.SH,3637.469,3640.769,3663.206,3630.432,3648.6545,52306529000,33423570,3342357000,-11.1855,-0.3066,0.8982,2025-07-15 10:46:21,
000120.SH,8495.889000000001,8543.663,8555.748,8468.693,8553.154,47804528200,50181771,5018177100,-57.265,-0.6695,1.0178,2025-07-15 10:46:21,
000121.SH,8284.924,8308.463,8335.268,8249.5,8331.6181,11802568100,4047395,404739500,-46.6941,-0.5604,1.0294,2025-07-15 10:46:21,
000122.SH,1522.146,1534.638,1538.355,1520.636,1539.8998,2991405300,3703291,370329100,-17.7538,-1.1529,1.1507,2025-07-15 10:46:21,
000123.SH,5814.463,5818.779,5843.516000000001,5792.314,5814.7238,55717982500,33717747,3371774700,-0.2608,-0.0045,0.8806,2025-07-15 10:46:21,
000125.SH,11669.253,11714.942,11739.38,11638.633,11704.2345,32671467500,28287000,2828700000,-34.9815,-0.2989,0.8608,2025-07-15 10:46:21,
000126.SH,7920.886,7920.458000000001,7963.12,7901.996,7928.3046,14789985100,5356667,535666700,-7.4186,-0.0936,0.771,2025-07-15 10:46:21,
000128.SH,8103.618,8152.654,8165.278,8084.344,8166.4875,66080190700,56432650,5643265000,-62.8695,-0.7698,0.9911,2025-07-15 10:46:21,
000129.SH,15080.968,15155.121,15172.657,15038.473,15139.7905,38037470300,44609876,4460987600,-58.8225,-0.3885,0.8863,2025-07-15 10:46:33,
000130.SH,12505.991,12599.605,12606.199,12474.703,12615.1514,11588492400,16137768,1613776800,-109.1604,-0.8653,1.0424,2025-07-15 10:46:33,
000131.SH,2941.84,2954.023,2959.101,2923.39,2962.5646,13875042900,3911206,391120600,-20.7246,-0.6995,1.2054,2025-07-15 10:46:33,
000132.SH,5216.767,5220.977,5247.688,5208.147,5233.2759,13631062700,6090565,609056500,-16.5089,-0.3155,0.7556,2025-07-15 10:46:33,
000133.SH,5386.239,5428.555,5439.533,5375.96,5438.7653,22557464300,16768718,1676871800,-52.5263,-0.9658,1.1689,2025-07-15 10:46:33,
000134.SH,1137.995,1144.391,1147.834,1135.204,1141.7106,11128506000,13312544,1331254400,-3.7156,-0.3254,1.1062,2025-07-15 10:46:33,
000135.SH,5413.799,5420.961,5452.263,5387.519,5426.6117,38742842900,12876119,1287611900,-12.8127,-0.2361,1.1931,2025-07-15 10:46:33,
000136.SH,11881.528,11984.622,11992.343,11871.897,11960.8541,21397533800,22804320,2280432000,-79.3261,-0.6632,1.007,2025-07-15 10:46:33,
000137.SH,4715.139,4732.617,4763.977,4706.21,4730.8906,22640271200,11835467,1183546700,-15.7516,-0.333,1.2211,2025-07-15 10:46:33,
000138.SH,7441.073,7492.948,7497.896,7425.756,7499.1749,10620985500,12382491,1238249100,-58.1019,-0.7748,0.962,2025-07-15 10:46:33,
000139.SH,392.738,395.31,395.798,392.659,395.4087,14092869100,9704359,970435900,-2.6707,-0.6754,0.7939,2025-07-15 10:46:33,
000141.SH,3250.41,3255.315,3273.837,3241.133,3259.8248,40022605600,28198007,2819800700,-9.4148,-0.2888,1.0032,2025-07-15 10:46:33,
000142.SH,8704.533,8745.658,8764.026,8685.924,8761.2657,25557079000,28113704,2811370400,-56.7327,-0.6475,0.8914,2025-07-15 10:46:33,
000145.SH,5575.772,5613.2,5640.935,5573.37,5633.8693,20654806200,14050278,1405027800,-58.0973,-1.0312,1.1993,2025-07-15 10:46:33,
000146.SH,6360.037,6361.192,6395.138,6337.661,6374.4488,13200705400,7456190,745619000,-14.4118,-0.2261,0.9017,2025-07-15 10:46:33,
000147.SH,6766.194,6785.528,6806.224,6744.735000000001,6802.478,11307577800,3233559,323355900,-36.284,-0.5334,0.9039,2025-07-15 10:46:33,
000148.SH,8835.227,8852.165,8885.808,8804.826000000001,8852.857,41769115400,21192691,2119269100,-17.63,-0.1991,0.9148,2025-07-15 10:46:33,
000149.SH,4142.771,4160.122,4171.488,4129.922,4153.4253,14233219400,14189030,1418903000,-10.6543,-0.2565,1.0008,2025-07-15 10:46:33,
000150.SH,11760.597,11875.33,11881.326,11743.372,11921.5449,3236742100,4622346,462234600,-160.9479,-1.3501,1.1572,2025-07-15 10:46:33,
000151.SH,1565.665,1575.727,1579.37,1562.796,1576.974,8443014000,10104759,10104759,-11.309,-0.7171,1.051,2025-07-15 10:46:42,1271
000152.SH,2863.104,2874.148,2883.841,2856.415,2869.605,12139969300,14689009,14689009,-6.501,-0.2265,0.9557,2025-07-15 10:46:42,2154
000153.SH,3000.93,3026.017,3028.641,2994.674,3027.5462,2196677100,2639746,263974600,-26.6162,-0.8791,1.1219,2025-07-15 10:46:42,
000155.SH,2967.158,2975.181,2982.186,2957.26,2973.1638,69166787000,36715000,3671500000,-6.0058,-0.202,0.8384,2025-07-15 10:46:42,
000158.SH,1133.212,1144.688,1146.94,1132.723,1147.8532,9387688500,7346792,734679200,-14.6412,-1.2755,1.2386,2025-07-15 10:46:42,
000159.SH,3214.826,3226.815,3234.976,3205.83,3227.1688,280187780600,256493279,25649327900,-12.3428,-0.3825,0.9031,2025-07-15 10:46:42,
000160.SH,1799.084,1805.611,1808.782,1792.348,1805.5314,18784418200,32404457,3240445700,-6.4474,-0.3571,0.9102,2025-07-15 10:46:42,
000161.SH,1465.321,1469.725,1476.655,1460.683,1470.7256,32147103900,18317609,1831760900,-5.4046,-0.3675,1.086,2025-07-15 10:46:42,
000162.SH,3299.551,3321.275,3328.413,3286.919,3327.1934,27936464600,14890006,1489000600,-27.6424,-0.8308,1.2471,2025-07-15 10:46:42,
000170.SH,5519.518,5553.738,5565.889,5499.947,5548.820400000001,27231685500,11171369,1117136900,-29.3024,-0.5281,1.1884,2025-07-15 10:46:43,
000171.SH,1261.048,1261.048,1261.048,1261.048,1261.0481,0,0,0,-0.0001,-0.0,0.0,2025-07-15 00:00:00,
000300.SH,4022.642,4023.99,4042.657,4011.308,4017.6678,180736465900,94799201,9479920100,4.9742,0.1238,0.7803,2025-07-15 10:46:42,
000510.SH,4717.150000000001,4714.645,4739.155,4704.76,4709.7777,243015924600,136390641,13639064100,7.3723,0.1565,0.7303,2025-07-15 10:46:42,
000680.SH,1229.588,1232.424,1239.456,1226.779,1233.3824,54440280200,16056521,1605652100,-3.7944,-0.3076,1.0278,2025-07-15 10:46:42,
000681.SH,1188.492,1191.233,1198.03,1185.776,1192.1969,54440280200,16056521,1605652100,-3.7049,-0.3108,1.0279,2025-07-15 10:46:42,
000682.SH,1360.322,1355.177,1366.041,1353.586,1356.6501,13484530000,2058496,205849600,3.6719,0.2707,0.9181,2025-07-15 10:46:42,
000683.SH,1110.933,1107.87,1115.584,1103.516,1110.4096,6379121500,1358523,135852300,0.5234,0.0471,1.0868,2025-07-15 10:46:42,
000685.SH,1682.72,1676.471,1690.478,1674.464,1679.0754,11511539500,1355324,135532400,3.6446,0.2171,0.9537,2025-07-15 10:46:42,
000687.SH,1038.579,1040.533,1047.018,1037.108,1041.7444,4927304900,1419091,141909100,-3.1654,-0.3039,0.9513,2025-07-15 10:46:42,
000688.SH,993.001,990.731,997.445,988.875,992.3886,12259698300,2379449,237944900,0.6124,0.0617,0.8636,2025-07-15 10:46:42,
000689.SH,882.7330000000001,889.02,895.6990000000001,882.433,889.0701,3675289100,1384706,138470600,-6.3371,-0.7128,1.4921,2025-07-15 10:46:42,
000690.SH,1173.825,1161.018,1178.097,1159.804,1162.29,14463035500,2172676,2172676,11.535,0.9924,1.5739,2025-07-15 10:46:51,685
000691.SH,1097.21,1091.286,1099.96,1091.036,1091.9329,9108821100,1508597,150859700,5.2771,0.4833,0.8173,2025-07-15 10:46:51,
000692.SH,881.087,892.335,898.33,880.802,894.4667,4042846300,2061921,206192100,-13.3797,-1.4958,1.9596,2025-07-15 10:46:51,
000693.SH,1096.736,1101.663,1108.827,1095.581,1102.7238,3898637200,1227129,122712900,-5.9878,-0.543,1.2012,2025-07-15 10:46:51,
000695.SH,803.563,800.976,807.284,799.643,802.086,9392627100,1890763,189076300,1.477,0.1841,0.9526,2025-07-15 10:46:51,
000697.SH,1038.534,1044.652,1049.587,1037.466,1043.062,5491961300,1511382,151138200,-4.528,-0.4341,1.1621,2025-07-15 10:46:51,
000698.SH,1069.609,1070.64,1078.836,1067.721,1070.8022,12234639000,2823302,282330200,-1.1932,-0.1114,1.038,2025-07-15 10:46:51,
000699.SH,1001.149,1005.453,1011.972,998.724,1006.554,17758757200,6006956,600695600,-5.405,-0.537,1.3162,2025-07-15 10:46:51,
000802.SH,6339.247,6362.874,6383.696,6319.576,6371.9969,55691866500,60342435,6034243500,-32.7499,-0.514,1.0063,2025-07-15 10:46:51,
000805.SH,4968.817,4968.817,4968.817,4968.817,4968.8171,0,0,0,-0.0001,-0.0,0.0,2025-07-15 00:00:00,
000808.SH,8453.018,8453.018,8453.018,8453.018,8453.0179,0,0,0,0.0001,0.0,0.0,2025-07-15 00:00:00,
000812.SH,5874.279,5874.279,5874.279,5874.279,5874.2795,0,0,0,-0.0005,-0.0,0.0,2025-07-15 00:00:00,
000813.SH,2684.313,2684.313,2684.313,2684.313,2684.3134,0,0,0,-0.0004,-0.0,0.0,2025-07-15 00:00:00,
000814.SH,8286.129,8307.119,8351.161,8254.48,8308.3574,11907529600,3773350,377335000,-22.2284,-0.2675,1.1637,2025-07-15 10:46:51,
000819.SH,5580.767,5625.135,5660.1,5579.829,5649.056,26585822900,16459195,1645919500,-68.289,-1.2089,1.421,2025-07-15 10:46:51,
000823.SH,6427.83,6478.476000000001,6515.644,6427.205,6502.0774,24453608200,15569710,1556971000,-74.2474,-1.1419,1.3602,2025-07-15 10:46:52,
000827.SH,1432.619,1439.758,1446.093,1430.914,1442.5432,28338517500,18634570,1863457000,-9.9242,-0.688,1.0522,2025-07-15 10:46:51,
000828.SH,2427.25,2427.25,2427.25,2427.25,2427.2495,0,0,0,0.0005,0.0,0.0,2025-07-15 00:00:00,
000832.SH,448.943,448.943,448.943,448.943,448.9428,0,0,0,0.0002,0.0,0.0,2025-07-15 00:00:00,
000841.SH,8290.7,8307.888,8355.923,8258.987000000001,8307.336,13137639500,4171087,417108652,-16.636,-0.2003,1.1669,2025-07-15 10:46:48,681
000847.SH,3072.172,3085.98,3089.569,3065.028,3083.998,27795773300,14810009,14810009,-11.826,-0.3835,0.7958,2025-07-15 10:46:58,4467
000849.SH,10313.37,10340.559,10393.947,10246.189,10309.5932,17915544800,10718142,1071814200,3.7768,0.0366,1.4332,2025-07-15 10:46:58,
000851.SH,16829.079,16956.517,17007.566,16805.887,16930.0223,38404818300,18274407,1827440700,-100.9433,-0.5962,1.1913,2025-07-15 10:46:58,
000852.SH,6415.345,6451.997,6472.527,6403.451,6462.3051,185012539100,148689054,14868905400,-46.9601,-0.7267,1.0689,2025-07-15 10:47:03,
000853.SH,1344.674,1338.704,1349.305,1338.485,1333.5557,44988384700,10738611,1073861100,11.1183,0.8337,0.8114,2025-07-15 10:46:58,
000854.SH,4199.292,4200.076,4233.244,4195.915,4210.4685,18964957000,15310853,1531085300,-11.1765,-0.2654,0.8866,2025-07-15 10:46:58,
000855.SH,1411.271,1412.494,1418.603,1407.66,1411.3451,237959342900,118418945,11841894500,-0.0741,-0.0053,0.7754,2025-07-15 10:46:58,
000856.SH,5647.391000000001,5672.642,5696.373000000001,5633.925,5675.3832,23430509600,18663157,1866315700,-27.9922,-0.4932,1.1003,2025-07-15 10:46:58,
000857.SH,10319.998,10352.111,10397.631,10271.772,10361.0751,9568957100,4187779,418777900,-41.0771,-0.3965,1.2147,2025-07-15 10:46:58,
000858.SH,7660.842000000001,7610.087,7712.462,7607.216,7592.8916,37082804800,11811505,1181150500,67.9504,0.8949,1.3861,2025-07-15 10:46:58,
000860.SH,1139.568,1140.337,1143.921,1135.268,1140.0281,28709303100,25092365,2509236500,-0.4601,-0.0404,0.759,2025-07-15 10:46:58,
000863.SH,2660.923,2666.007,2682.841,2644.978,2675.4386,10205463500,2787824,278782400,-14.5156,-0.5426,1.4152,2025-07-15 10:46:58,
000865.SH,1393.198,1399.645,1404.754,1388.077,1398.0092,15113783000,13016815,1301681500,-4.8112,-0.3441,1.1929,2025-07-15 10:46:58,
000867.SH,2568.718,2591.893,2592.459,2560,2586.6175,15592146400,25652426,2565242600,-17.8995,-0.692,1.2549,2025-07-15 10:46:58,
000869.SH,4207.584,4217.387,4246.946,4202.101,4200.030400000001,3081951500,3615583,361558300,7.5536,0.1798,1.0677,2025-07-15 10:46:58,
000888.SH,3970.829,3987.426,3995.62,3959.699,3986.5354,348232301600,322687454,32268745400,-15.7064,-0.394,0.9011,2025-07-15 10:47:03,
000891.SH,1477.847,1477.432,1488.124,1474.77,1476.3709,445578353500,242470797,24247079700,1.4761,0.1,0.9045,2025-07-15 10:46:58,
000901.SH,6012.29,6027.462,6047.167,5990.698,6022.3186,40058971000,43062998,4306299800,-10.0286,-0.1665,0.9377,2025-07-15 10:47:03,
000902.SH,5369.335,5369.335,5369.335,5369.335,5369.3352,0,0,0,-0.0002,-0.0,0.0,2025-07-15 00:00:00,
000903.SH,3800.809,3803.879,3818.583,3790.368,3802.262,86747123700,44250779,44250779,-1.453,-0.0382,0.7421,2025-07-15 10:47:12,9240
000904.SH,4638.258,4636.285,4663.268,4625.203,4622.622,97371573900,57374500,5737450043,15.636,0.3382,0.8235,2025-07-15 10:46:58,97719
000905.SH,6013.783,6018.627,6049.787,5995.895,6020.8585,133227615600,105369577,10536957700,-7.0755,-0.1175,0.8951,2025-07-15 10:47:12,
000906.SH,4350.704,4352.739,4372.832,4338.314,4348.0956,314421318900,200419106,20041910600,2.6084,0.06,0.7939,2025-07-15 10:47:12,
000908.SH,2138.829,2138.829,2138.829,2138.829,2138.8291,0,0,0,-0.0001,-0.0,0.0,2025-07-15 00:00:00,
000913.SH,8259.679,8290.828,8331.622,8234.716,8285.5128,8057738500,2050718,205071800,-25.8338,-0.3118,1.1696,2025-07-15 10:47:12,
000914.SH,6833.977,6867.556,6891.685,6807.939,6850.4757,31003571100,25856659,2585665900,-16.4987,-0.2408,1.2225,2025-07-15 10:47:12,
000918.SH,4008.887,4008.887,4008.887,4008.887,4008.8865,0,0,0,0.0005,0.0,0.0,2025-07-15 00:00:00,
000928.SH,2630.006,2643.426,2648.159,2623.104,2651.1841,5087179200,6222893,622289300,-21.1781,-0.7988,0.945,2025-07-15 10:47:12,
000932.SH,15631.399,15732.35,15765.726,15602.605,15774.7835,10569245600,2981044,298104400,-143.3845,-0.9089,1.0341,2025-07-15 10:47:12,
000933.SH,8143.578,8171.824000000001,8210.979,8114.272,8171.2445,17646009100,6245087,624508700,-27.6665,-0.3386,1.1835,2025-07-15 10:47:12,
000934.SH,6363.595,6393.508,6414.947,6336.511,6379.189,47632598400,52157241,5215724100,-15.594,-0.2445,1.2296,2025-07-15 10:47:12,
000935.SH,4709.042,4674.7,4731.138,4672.467,4666.1148,81241159300,25249253,2524925300,42.9272,0.92,1.2574,2025-07-15 10:47:12,
000944.SH,3542.949,3542.949,3542.949,3542.949,3542.9487,0,0,0,0.0003,0.0,0.0,2025-07-15 00:00:00,
000949.SH,5165.928,5165.928,5165.928,5165.928,5165.9278,0,0,0,0.0002,0.0,0.0,2025-07-15 00:00:00,
000966.SH,7380.942,7380.942,7380.942,7380.942,7380.9422,0,0,0,-0.0002,-0.0,0.0,2025-07-15 00:00:00,
000971.SH,2703.126,2703.126,2703.126,2703.126,2703.1263,0,0,0,-0.0003,-0.0,0.0,2025-07-15 00:00:00,
000974.SH,7145.189,7176.5,7201.694,7114.679,7158.3945,43730649700,42676030,4267603000,-13.2055,-0.1845,1.2156,2025-07-15 10:47:13,
000982.SH,7482.868,7508.053,7534.576,7460.074000000001,7513.1434,133227615600,105369577,10536957700,-30.2754,-0.403,0.9916,2025-07-15 10:47:12,
000984.SH,4013.227,4013.227,4013.227,4013.227,4013.2268,0,0,0,0.0002,0.0,0.0,2025-07-15 00:00:00,
000985.SH,5052.934,5052.934,5052.934,5052.934,5052.9342,0,0,0,-0.0002,-0.0,0.0,2025-07-15 00:00:00,
000986.SH,2130.436,2145.697,2148.037,2125.439,2152.414,8253303300,13381093,13381093,-21.978,-1.0211,1.0499,2025-07-15 10:47:21,526
000987.SH,3385.368,3403.855,3419.305,3384.412,3410.431,48509716800,46548243,46548243,-25.063,-0.7349,1.0231,2025-07-15 10:47:21,9675
000989.SH,5160.109,5132.586,5167.276,5128.823,5133.0279,29516317300,15539328,1553932800,27.0811,0.5276,0.7491,2025-07-15 10:47:21,
000990.SH,13190.97,13190.97,13190.97,13190.97,13190.9696,0,0,0,0.0004,0.0,0.0,2025-07-15 00:00:00,
000991.SH,8833.118,8856.502,8899.014000000001,8795.857,8857.0212,22885652500,8520485,852048500,-23.9032,-0.2699,1.1647,2025-07-15 10:47:21,
000992.SH,6072.565000000001,6102.222,6122.211,6046.969,6089.342,53957456700,62278779,6227877900,-16.777,-0.2755,1.2356,2025-07-15 10:47:21,
000993.SH,6272.111,6226.908,6302.791,6224.442,6217.6014,92887561900,31419631,3141963100,54.5096,0.8767,1.2601,2025-07-15 10:47:21,
000998.SH,2135.563,2135.563,2135.563,2135.563,2135.5634,0,0,0,-0.0004,-0.0,0.0,2025-07-15 00:00:00,
395001.SZ,0,0,0,0,0,293775845300,291396023,29139602300,0,,,2025-07-15 10:47:21,
395002.SZ,0,0,0,0,0,40547400,132750,13275000,0,,,2025-07-15 10:47:21,
395004.SZ,0,0,0,0,0,244348606600,121744884,12174488400,0,,,2025-07-15 10:47:21,
395005.SZ,0,0,0,0,0,0,0,0,0,,,2025-07-15 09:15:48,
395006.SZ,0,0,0,0,0,0,0,0,0,,,2025-07-15 09:15:51,
395011.SZ,0,0,0,0,0,0,0,0,0,,,2025-07-15 09:15:54,
395012.SZ,0,0,0,0,0,393940500,2939288,293928800,0,,,2025-07-15 10:47:21,
395013.SZ,0,0,0,0,0,38704644400,285813725,28581372500,0,,,2025-07-15 10:47:21,
395015.SZ,0,0,0,0,0,43023900,99428,9942800,0,,,2025-07-15 10:47:21,
395032.SZ,0,0,0,0,0,46606447000,4660645,466064500,0,,,2025-07-15 10:47:21,
395033.SZ,0,0,0,0,0,21965993500,1305790,130579000,0,,,2025-07-15 10:47:21,
395034.SZ,0,0,0,0,0,2500000,250,25000,0,,,2025-07-15 10:43:39,
395041.SZ,0,0,0,0,0,0,0,0,0,,,2025-07-15 09:15:15,
395099.SZ,0,0,0,0,0,538164999300,413273657,41327365700,0,,,2025-07-15 10:47:21,
399001.SZ,10730.478,10700.373,10784.968,10700.373,10684.5167,538164999300,413273657,41327365700,45.9613,0.4302,0.7918,2025-07-15 10:47:21,
399002.SZ,14314.837,14274.298,14387.149,14274.298,14253.012,293954227100,291551160,29155115987,61.825,0.4338,0.7918,2025-07-15 10:47:30,52352
399003.SZ,8319.034,8307.131,8346.673,8303.963,8323.707,40557300,132818,13281760,-4.673,-0.0561,0.5131,2025-07-15 10:47:24,64
399004.SZ,6614.092000000001,6582.788,6641.543000000001,6582.222,6564.0067,85818559600,26971242,2697124200,50.0853,0.763,0.9037,2025-07-15 10:47:30,
399005.SZ,6660.09,6636.551,6692.66,6636.551,6633.7367,48900536500,21832264,2183226400,26.3533,0.3973,0.8458,2025-07-15 10:47:30,
399006.SZ,2230.294,2211.405,2245.44,2211.405,2197.0681,244518474500,121819456,12181945600,33.2259,1.5123,1.5491,2025-07-15 10:47:30,
399007.SZ,4505.401,4487.465,4525.712,4487.465,4478.1499,158006333700,66863624,6686362400,27.2511,0.6085,0.8541,2025-07-15 10:47:30,
399008.SZ,1345.417,1342.665,1351.738,1342.087,1342.7444,96465360400,69640684,6964068400,2.6726,0.199,0.7188,2025-07-15 10:47:30,
399009.SZ,4040.875,4030.669,4061.89,4030.669,4028.3527,72187774100,39892382,3989238200,12.5223,0.3109,0.775,2025-07-15 10:47:30,
399010.SZ,7482.574000000001,7519.302000000001,7550.465,7467.484,7528.8154,159417094400,119838751,11983875100,-46.2414,-0.6142,1.1022,2025-07-15 10:47:30,
399011.SZ,5294.825,5288.924,5326.487,5282.417,5283.6781,317423428100,186702375,18670237500,11.1469,0.211,0.8341,2025-07-15 10:47:30,
399012.SZ,3328.594,3314.403,3354.947,3314.403,3300.1984,121962059100,40712070,4071207000,28.3956,0.8604,1.2285,2025-07-15 10:47:30,
399013.SZ,4707.702,4704.358,4727.627,4693.752,4706.188,154034163800,88697209,8869720900,1.514,0.0322,0.7198,2025-07-15 10:47:30,
399015.SZ,2589.521,2605.349,2615.119,2584.822,2608.0866,104242858900,74488603,7448860300,-18.5656,-0.7118,1.1617,2025-07-15 10:47:30,
399016.SZ,4403.679,4373.058,4431.26,4373.058,4372.232,61109814200,13879996,1387999600,31.447,0.7192,1.3312,2025-07-15 10:47:30,
399017.SZ,3868.76,3855.35,3892.682,3855.35,3856.1117,45049484200,16321609,1632160900,12.6483,0.328,0.9681,2025-07-15 10:47:30,
399018.SZ,4515.252,4510.257000000001,4558.925,4508.893,4507.3928,38030701300,9246943,924694300,7.8592,0.1744,1.11,2025-07-15 10:47:30,
399019.SZ,3896.666,3922.361,3938.595,3891.794,3928.193,49286757400,25320084,2532008400,-31.527,-0.8026,1.1914,2025-07-15 10:47:30,
399020.SZ,1565.673,1577.847,1584.653,1563.899,1579.7945,47233635200,27744151,2774415100,-14.1215,-0.8939,1.3137,2025-07-15 10:47:30,
399030.SZ,3085.13,3079.458,3114.54,3079.458,3086.328,14732408900,4960465,496046460,-1.198,-0.0388,1.1367,2025-07-15 10:47:39,567
399050.SZ,2531.856,2520.595,2543.005,2520.595,2518.9701,25243486500,10218656,1021865600,12.8859,0.5116,0.8896,2025-07-15 10:47:42,
399060.SZ,2661.689,2645.923,2671.28,2645.923,2648.9449,39186464700,13703764,1370376400,12.7441,0.4811,0.9572,2025-07-15 10:47:42,
399088.SZ,3727.099,3697.404,3745.273,3697.404,3694.7477,62352634100,17561157,1756115700,32.3513,0.8756,1.2956,2025-07-15 10:47:42,
399100.SZ,9918.341,9947.063,9991.722,9897.854,9947.6906,532571962800,401809243,40180924300,-29.3496,-0.295,0.9436,2025-07-15 10:47:42,
399101.SZ,12118.436,12142.982,12195.236,12091.808,12151.3328,199967020100,187888187,18788818700,-32.8968,-0.2707,0.8512,2025-07-15 10:47:42,
399102.SZ,3074.92,3080.055,3105.829,3071.874,3075.548,244750166400,121829308,12182930800,-0.628,-0.0204,1.104,2025-07-15 10:47:42,
399103.SZ,7688.469,7669.261,7718.899,7669.261,7658.1159,39541678000,288371905,28837190500,30.3531,0.3964,0.6482,2025-07-15 10:47:42,
399106.SZ,2112.809,2119.27,2129.031,2108.77,2120.0088,538991202900,413398672,41339867200,-7.1998,-0.3396,0.9557,2025-07-15 10:47:42,
399107.SZ,2210.17,2216.937,2227.154,2205.939,2217.7041,538950617900,413265797,41326579700,-7.5341,-0.3397,0.9566,2025-07-15 10:47:42,
399108.SZ,1242.871,1243.408,1247.418,1241.274,1246.1318,40585000,132875,13287500,-3.2608,-0.2617,0.493,2025-07-15 10:47:42,
399231.SZ,1293.083,1310.345,1312.142,1291.119,1310.171,3768537400,6371036,637103600,-17.088,-1.3043,1.6046,2025-07-15 10:47:42,
399232.SZ,2910.087,2939.022,2954.58,2909.721,2961.6337,6483424600,6703678,670367800,-51.5467,-1.7405,1.5147,2025-07-15 10:47:42,
399233.SZ,2718.1,2719.626,2738.966,2714.699,2718.8972,375638385700,248393653,24839365300,-0.7972,-0.0293,0.8925,2025-07-15 10:47:42,
399234.SZ,902.705,922.591,922.886,899.6030000000001,921.3767,8844343600,13715375,1371537500,-18.6717,-2.0265,2.527,2025-07-15 10:47:42,
399235.SZ,966.207,978.535,980.409,961.563,982.0551,3732794900,6153361,615336100,-15.8481,-1.6138,1.919,2025-07-15 10:47:42,
399236.SZ,1368.435,1383.296,1383.621,1365.218,1385.5256,11949217300,12872597,1287259700,-17.0906,-1.2335,1.3282,2025-07-15 10:47:42,
399237.SZ,1168.42,1177.769,1178.448,1165.806,1175.9581,3055965400,3489161,348916100,-7.5381,-0.641,1.075,2025-07-15 10:47:42,
399238.SZ,1280.636,1309.125,1309.333,1276.642,1313.107,287266400,372857,37285700,-32.471,-2.4728,2.4896,2025-07-15 10:47:51,37
399239.SZ,1961.72,1962.061,1974.026,1952.883,1964.066,66332177600,39389996,3938999563,-2.346,-0.1194,1.0765,2025-07-15 10:47:51,15950
399240.SZ,1547.908,1548.579,1557.077,1536.904,1546.2653,20467986600,15960275,1596027500,1.6427,0.1062,1.3046,2025-07-15 10:47:51,
399241.SZ,1177.982,1201.772,1202.39,1174.097,1202.7698,4932216800,11691407,1169140700,-24.7878,-2.0609,2.3523,2025-07-15 10:47:51,
399242.SZ,1236.941,1246.226,1251.9,1232.492,1250.5441,10857753100,20203631,2020363100,-13.6031,-1.0878,1.552,2025-07-15 10:47:51,
399243.SZ,1384.28,1401.765,1402.969,1379.239,1407.8923,6341489900,3421155,342115500,-23.6123,-1.6771,1.6855,2025-07-15 10:47:51,
399244.SZ,553.2810000000001,563.27,563.332,552.513,563.1985,3321569200,5304579,530457900,-9.9175,-1.7609,1.921,2025-07-15 10:47:51,
399248.SZ,913.556,926.682,929.052,910.772,927.0927,3791699400,4326079,432607900,-13.5367,-1.4601,1.9718,2025-07-15 10:47:51,
399249.SZ,2367.582,2395.21,2399.501,2360.991,2394.0371,213836900,162348,16234800,-26.4551,-1.105,1.6086,2025-07-15 10:47:51,
399258.SZ,3304.238,3289.79,3318.728,3289.129,3296.0794,27336439200,13193983,1319398300,8.1586,0.2475,0.898,2025-07-15 10:47:51,
399259.SZ,3458.814,3467.925,3501.207,3455.934,3476.4518,15539564300,6806660,680666000,-17.6378,-0.5074,1.3023,2025-07-15 10:47:51,
399260.SZ,2779.969,2755.336,2790.657,2755.336,2741.1197,51541526500,13701211,1370121100,38.8493,1.4173,1.2886,2025-07-15 10:47:51,
399261.SZ,3671.169,3618.718,3702.691,3618.718,3571.5491,43973275100,6680682,668068200,99.6199,2.7893,2.3512,2025-07-15 10:47:51,
399262.SZ,1981.659,1950.483,1991.894,1950.483,1930.7339,64311784800,13839664,1383966400,50.9251,2.6376,2.1448,2025-07-15 10:47:51,
399263.SZ,2132.045,2096.821,2147.354,2096.821,2065.544,45752991500,10731926,1073192600,66.501,3.2195,2.4465,2025-07-15 10:47:51,
399264.SZ,1407.443,1398.061,1413.867,1396.321,1398.5221,25967675500,11136508,1113650800,8.9209,0.6379,1.2546,2025-07-15 10:47:51,
399265.SZ,1020.675,1038.397,1042.788,1018.108,1040.3785,11480301200,4877035,487703500,-19.7035,-1.8939,2.3722,2025-07-15 10:47:51,
399266.SZ,2352.345,2358.037,2382,2349.898,2360.8238,18414389900,6476627,647662700,-8.4788,-0.3591,1.3598,2025-07-15 10:47:51,
399269.SZ,4864.189,4777.686,4898.578,4777.686,4711.5352,59123910800,11461960,1146196000,152.6538,3.24,2.5659,2025-07-15 10:47:51,
399274.SZ,4135.585,4062.652,4153.662,4062.652,4019.9518,60168808500,13129095,1312909500,115.6332,2.8765,2.264,2025-07-15 10:47:51,
399275.SZ,2613.229,2656.7,2667.126,2607.005,2659.7469,12244958300,5554230,555423000,-46.5179,-1.749,2.2604,2025-07-15 10:47:51,
399276.SZ,5084.746,5023.885,5137.071,5023.885,5009.393,31704363500,5894793,589479329,75.353,1.5042,2.2595,2025-07-15 10:48:00,1454
399277.SZ,2643.389,2660.796,2665.57,2634.04,2662.339,13757005300,6649485,664948534,-18.95,-0.7118,1.1843,2025-07-15 10:48:00,1910
399278.SZ,1624.961,1619.285,1635.716,1619.285,1612.367,59172370200,21658033,2165803262,12.594,0.7811,1.0191,2025-07-15 10:48:00,5512
399279.SZ,3343.436,3294.098,3357.954,3293.273,3258.9026,52376733600,14197982,1419798200,84.5334,2.5939,1.9847,2025-07-15 10:48:00,
399280.SZ,2046.165,2080.67,2089.033,2041.397,2078.8386,10567140800,5483609,548360900,-32.6736,-1.5717,2.2915,2025-07-15 10:48:00,
399281.SZ,3407.36,3368.879,3434.367,3367.032,3359.403,28549171500,12051641,1205164100,47.957,1.4275,2.0044,2025-07-15 10:48:00,
399282.SZ,4804.256,4745.672,4835.089,4745.672,4746.8676,36836543800,16157020,1615702000,57.3884,1.209,1.8837,2025-07-15 10:48:00,
399283.SZ,3507.114,3501.862,3528.997,3500.524,3502.8165,15746963100,6354125,635412500,4.2975,0.1227,0.8129,2025-07-15 10:48:00,
399284.SZ,3307.353,3285.346,3325.917,3283.337,3287.8977,25624398500,11133587,1113358700,19.4553,0.5917,1.2951,2025-07-15 10:48:00,
399285.SZ,4248.608,4189.547,4269.186,4189.547,4144.2679,43497743000,12033323,1203332300,104.3401,2.5177,1.9217,2025-07-15 10:48:00,
399286.SZ,3882.164,3879.144,3901.538,3865.083,3878.6612,31474527400,24341330,2434133000,3.5028,0.0903,0.9399,2025-07-15 10:48:00,
399289.SZ,119.761,119.761,119.761,119.761,119.7507,0,0,0,0.0103,0.0086,0.0,2025-07-15 09:25:03,
399290.SZ,170.009,171.29,171.419,169.764,171.251,3242744200,227050,22705000,-1.242,-0.7253,0.9664,2025-07-15 10:48:00,
399291.SZ,3736.74,3780.793,3788.468,3733.519,3784.4324,20953692000,9986477,998647700,-47.6924,-1.2602,1.452,2025-07-15 10:48:00,
399292.SZ,1176.703,1184.71,1185.394,1174.89,1186.2286,52164931400,40439110,4043911000,-9.5256,-0.803,0.8855,2025-07-15 10:48:00,
399293.SZ,4294.499,4240.252,4323.824000000001,4240.252,4200.8717,54999243600,8820584,882058400,93.6273,2.2288,1.9894,2025-07-15 10:48:00,
399294.SZ,2811.101,2804.147,2828.925,2804.147,2803.4218,27722641400,9276972,927697200,7.6792,0.2739,0.8838,2025-07-15 10:48:00,
399295.SZ,4443.3,4448.063,4477.516000000001,4437.056,4448.8526,22171128400,6404486,640448600,-5.5526,-0.1248,0.9094,2025-07-15 10:48:00,
399296.SZ,4542.371,4513.574000000001,4567.162,4510.126,4503.2971,43079112400,9819461,981946100,39.0739,0.8677,1.2665,2025-07-15 10:48:00,
399297.SZ,5445.150000000001,5512.173,5515.401,5438.705,5512.7872,12606985700,16914845,1691484500,-67.6372,-1.2269,1.3912,2025-07-15 10:48:00,
399298.SZ,212.125,212.124,212.125,212.123,212.1057,345318000,33380,3338000,0.0193,0.0091,0.0009,2025-07-15 10:42:57,
399299.SZ,243.955,243.955,243.955,243.955,243.9337,0,0,0,0.0213,0.0087,0.0,2025-07-15 09:25:03,
399300.SZ,4023.164,4023.99,4042.657,4011.308,4017.6678,181986278000,95472146,9547214600,5.4962,0.1368,0.7803,2025-07-15 10:48:00,
399301.SZ,215.952,215.951,215.953,215.95,215.932,345318000,33380,3338000,0.02,0.0093,0.0014,2025-07-15 10:42:57,50
399302.SZ,220.138,220.135,220.139,220.133,220.118,345318000,33380,3338000,0.02,0.0091,0.0027,2025-07-15 10:42:57,50
399303.SZ,8416.628,8480.043,8502.273000000001,8405.157000000001,8491.379,318580050700,251374813,25137481276,-74.751,-0.8803,1.1437,2025-07-15 10:48:09,66054
399306.SZ,1537.618,1533.566,1543.981,1533.566,1531.1856,39520602800,285841389,28584138900,6.4324,0.4201,0.6802,2025-07-15 10:48:12,
399307.SZ,319.368,321.755,321.99,319.145,321.6284,20672105600,1176987,117698700,-2.2604,-0.7028,0.8846,2025-07-15 10:48:12,
399310.SZ,6551.763,6537.908,6576.399,6532.686,6534.3204,58775963400,19169708,1916970800,17.4426,0.2669,0.669,2025-07-15 10:48:12,
399311.SZ,4212.87,4215.172,4234.226,4201.158,4211.7747,357915670600,243220570,24322057000,1.0953,0.026,0.7851,2025-07-15 10:48:12,
399312.SZ,4512.451,4504.150000000001,4529.276,4500.778,4498.0731,190922436800,83023540,8302354000,14.3779,0.3196,0.6336,2025-07-15 10:48:12,
399313.SZ,4854.516000000001,4857.037,4877.202,4839.854,4853.569,84736358100,37106580,3710658000,0.947,0.0195,0.7695,2025-07-15 10:48:12,
399314.SZ,4471.078,4474.221,4492.469,4457.775000000001,4466.9245,141744813600,77714872,7771487200,4.1535,0.093,0.7767,2025-07-15 10:48:12,
399315.SZ,3860.507,3854.272,3881.514,3851.826,3854.6666,104818251600,64426488,6442648800,5.8404,0.1515,0.7702,2025-07-15 10:48:12,
399316.SZ,4946.342000000001,4958.798,4979.988,4932.336,4962.7965,111352605400,101079210,10107921000,-16.4545,-0.3316,0.9602,2025-07-15 10:48:12,
399317.SZ,5779.873000000001,5800.723,5819.985,5766.212,5801.0798,891851817000,727709447,72770944700,-21.2068,-0.3656,0.9269,2025-07-15 10:48:12,
399318.SZ,5137.184,5157.039,5161.932,5130.702,5162.3842,109793000,339118,33911800,-25.2002,-0.4882,0.605,2025-07-15 10:48:12,
399319.SZ,2403.304,2420.835,2430.529,2401.967,2427.8223,33217272800,43493614,4349361400,-24.5183,-1.0099,1.1764,2025-07-15 10:48:12,
399320.SZ,2195.102,2209.323,2210.392,2188.427,2210.3783,16301845700,24119295,2411929500,-15.2763,-0.6911,0.9937,2025-07-15 10:48:12,
399321.SZ,7714.155,7740.512,7755.866,7686.998000000001,7732.9607,27698446300,20299929,2029992900,-18.8057,-0.2432,0.8906,2025-07-15 10:48:12,
399322.SZ,8947.783,8946.411,8984.079,8920.444,8942.8379,37027496300,12805133,1280513300,4.9451,0.0553,0.7116,2025-07-15 10:48:12,
399324.SZ,8577.504,8571.913,8605.24,8540.022,8578.209,11420489600,5421589,542158863,-0.705,-0.0082,0.7603,2025-07-15 10:48:21,1024
399326.SZ,4358.312,4339.451,4384.12,4337.2,4288.4675,22433116000,5394409,539440900,69.8445,1.6287,1.0941,2025-07-15 10:48:21,
399328.SZ,8951.214,8927.949,8984.204,8919.613,8935.1318,19949091300,5225278,522527800,16.0822,0.18,0.7229,2025-07-15 10:48:21,
399330.SZ,4694.399,4671.698,4713.396,4671.297,4658.3694,86241838000,27117351,2711735100,36.0296,0.7734,0.9037,2025-07-15 10:48:21,
399333.SZ,8070.862,8042.88,8110.878000000001,8042.88,8039.4689,49097484200,21925737,2192573700,31.3931,0.3905,0.8458,2025-07-15 10:48:21,
399335.SZ,3794.873,3806.299,3824.51,3788.194,3806.7492,16686909200,10726571,1072657100,-11.8762,-0.312,0.954,2025-07-15 10:48:21,
399337.SZ,4794.535,4752.802,4820.232,4752.802,4730.9553,87826228100,21031851,2103185100,63.5797,1.3439,1.4253,2025-07-15 10:48:21,
399339.SZ,6975.459,6930.89,7007.029,6930.89,6907.8168,74125111400,23125866,2312586600,67.6422,0.9792,1.1022,2025-07-15 10:48:21,
399341.SZ,1494.139,1492.481,1499.568,1489.371,1494.4865,37526874800,15047685,1504768500,-0.3475,-0.0233,0.6823,2025-07-15 10:48:21,
399344.SZ,5905.054,5881.602,5931.731,5881.602,5869.3927,158741636000,67180699,6718069900,35.6613,0.6076,0.8541,2025-07-15 10:48:21,
399346.SZ,3099.762,3080.113,3118.933,3080.113,3066.8353,66334258000,16622839,1662283900,32.9267,1.0736,1.2658,2025-07-15 10:48:21,
399348.SZ,5977.225,5984.726000000001,6003.496,5955.864,5984.9574,32268742900,25134593,2513459300,-7.7324,-0.1292,0.7959,2025-07-15 10:48:21,
399350.SZ,2152.681,2163.038,2179.023,2150.678,2169.5648,8480518900,6117502,611750200,-16.8838,-0.7782,1.3065,2025-07-15 10:48:21,
399351.SZ,9166.038,9152.058,9209.727,9142.457,9136.409,49467659600,21891205,2189120500,29.629,0.3243,0.7363,2025-07-15 10:48:21,
399352.SZ,9389.35,9405.182,9448.079,9367.537,9394.3,93384781400,54709787,5470978700,-4.95,-0.0527,0.8573,2025-07-15 10:48:21,
399353.SZ,2148.778,2163.444,2165.346,2145.009,2167.4313,5943393100,8729105,872910500,-18.6533,-0.8606,0.9383,2025-07-15 10:48:21,
399354.SZ,7399.765,7410.265,7440.608,7380.698,7404.7921,74922932200,31229344,3122934400,-5.0271,-0.0679,0.8091,2025-07-15 10:48:21,
399355.SZ,3435.714,3432.413,3454.387,3424.825,3426.6474,25666797000,10700664,1070066400,9.0666,0.2646,0.8627,2025-07-15 10:48:21,
399356.SZ,9579.155,9580.312,9618.292,9544.373,9556.9847,32296894300,13758860,1375886000,22.1703,0.232,0.7735,2025-07-15 10:48:21,
399357.SZ,3075.017,3070.378,3086.682,3064.139,3066.4132,28777950400,19130085,1913008500,8.6038,0.2806,0.7352,2025-07-15 10:48:21,
399358.SZ,4431.032,4433.578,4462.991,4422.247,4440.985,18477781300,9247724,924772366,-9.953,-0.2241,0.9175,2025-07-15 10:48:30,950
399359.SZ,2803.457,2817.025,2819.714,2792.028,2819.709,11107782300,16477502,1647750200,-16.252,-0.5764,0.9819,2025-07-15 10:48:30,
399360.SZ,6159.547,6168.1,6206.118,6147.371,6171.8346,44427995300,18016853,1801685300,-12.2876,-0.1991,0.9519,2025-07-15 10:48:30,
399361.SZ,3479.93,3480.601,3496.14,3466.631,3480.0153,15298704400,11008204,1100820400,-0.0853,-0.0025,0.848,2025-07-15 10:48:30,
399362.SZ,6559.07,6506.979,6586.143,6506.979,6475.479,74974472900,19215083,1921508300,83.591,1.2909,1.2225,2025-07-15 10:48:30,
399363.SZ,5502.84,5409.21,5530.548,5404.132000000001,5369.2536,62780813700,12640723,1264072300,133.5864,2.488,2.3544,2025-07-15 10:48:30,
399364.SZ,8522.916000000001,8455.285,8553.747,8453.719000000001,8420.2146,99245744700,23803116,2380311600,102.7014,1.2197,1.188,2025-07-15 10:48:30,
399365.SZ,11692.354,11813.154,11815.931,11674.845,11820.7799,6827066600,6943857,694385700,-128.4259,-1.0864,1.1935,2025-07-15 10:48:30,
399366.SZ,1678.781,1692.385,1711.315,1677.627,1697.5731,33420490300,28585629,2858562900,-18.7921,-1.107,1.9845,2025-07-15 10:48:30,
399367.SZ,2664.386,2694.709,2700.349,2657.827,2707.7859,4772444800,11192105,1119210500,-43.3999,-1.6028,1.5704,2025-07-15 10:48:30,
399368.SZ,7415.776,7447.662,7485.825,7401.381,7456.949,14647028700,6501440,650144000,-41.173,-0.5521,1.1324,2025-07-15 10:48:30,
399369.SZ,1472.116,1471.257,1476.692,1466.506,1471.978,35113656000,15903540,1590354000,0.138,0.0094,0.692,2025-07-15 10:48:30,
399370.SZ,3895.177,3885.169,3913.206,3885.169,3882.1562,133390832100,62249701,6224970100,13.0208,0.3354,0.7222,2025-07-15 10:48:30,
399371.SZ,6800.79,6829.111,6845.084,6779.034000000001,6825.9803,71050299500,81066609,8106660900,-25.1903,-0.369,0.9676,2025-07-15 10:48:30,
399372.SZ,4064.473,4051.586,4082.652,4051.586,4043.5491,61262489200,15442646,1544264600,20.9239,0.5175,0.7683,2025-07-15 10:48:30,
399373.SZ,8538.34,8567.693,8590.609,8507.116,8556.3141,26515567400,23226361,2322636100,-17.9741,-0.2101,0.9758,2025-07-15 10:48:30,
399374.SZ,3535.282,3530.823,3557.681,3528.99,3535.7155,29664546600,15577126,1557712600,-0.4335,-0.0123,0.8115,2025-07-15 10:48:30,
399375.SZ,5044.16,5068.794,5080.934,5032.453,5075.4681,17786373500,23732815,2373281500,-31.3081,-0.6169,0.9552,2025-07-15 10:48:30,
399376.SZ,4807.93,4798.507000000001,4835.922,4796.637,4803.327,42463796200,31229928,3122992800,4.603,0.0958,0.8179,2025-07-15 10:48:30,
399377.SZ,6695.56,6738.286,6747.237,6676.616,6745.7936,26748358700,34107432,3410743200,-50.2336,-0.7447,1.0469,2025-07-15 10:48:30,
399378.SZ,2476.661,2476.734,2488.232,2470.106,2474.4633,145545042600,74158317,7415831700,2.1977,0.0888,0.7325,2025-07-15 10:48:30,
399379.SZ,7994.514,7990.686000000001,8027.844,7979.133,7984.554,137142173600,840803349,84080334856,9.96,0.1247,0.6101,2025-07-15 10:48:39,113143
399380.SZ,1572.408,1571.703,1579.387,1569.299,1570.403,136494376500,836489618,83648961809,2.005,0.1277,0.6424,2025-07-15 10:48:39,112222
399381.SZ,2757.642,2772.558,2777.959,2751.494,2780.272,5468476500,6836422,683642206,-22.63,-0.8139,0.9519,2025-07-15 10:48:39,1185
399382.SZ,2568.377,2582.172,2593.996,2567.708,2586.943,44280480900,42376168,4237616776,-18.566,-0.7177,1.0162,2025-07-15 10:48:39,9948
399383.SZ,2403.647,2409.518,2419.195,2397.226,2412.879,54289557100,41043169,4104316948,-9.232,-0.3826,0.9105,2025-07-15 10:48:39,6297
399384.SZ,3883.251,3861.618,3886.979,3859.848,3861.4955,26513419800,20401405,2040140500,21.7555,0.5634,0.7026,2025-07-15 10:48:42,
399385.SZ,9519.45,9580.225,9600.246000000001,9502.878,9612.118,13519664300,5380409,538040900,-92.668,-0.9641,1.013,2025-07-15 10:48:42,
399386.SZ,5776.283,5793.93,5819.032,5751.488,5794.5055,19960878900,7310222,731022200,-18.2225,-0.3145,1.1657,2025-07-15 10:48:42,
399387.SZ,5731.547,5757.276,5778.039,5707.632000000001,5743.6958,47101980000,48595005,4859500500,-12.1488,-0.2115,1.2258,2025-07-15 10:48:42,
399388.SZ,4793.469,4757.368,4816.201,4755.361,4748.7339,103856399400,37056738,3705673800,44.7351,0.942,1.2812,2025-07-15 10:48:42,
399389.SZ,5012.728,4919.611,5058.335,4919.611,4835.3629,52445415300,14053208,1405320800,177.3651,3.6681,2.8689,2025-07-15 10:48:42,
399390.SZ,2608.827,2637.744,2638.727,2601.171,2636.898,8981610400,17996264,1799626400,-28.071,-1.0645,1.4242,2025-07-15 10:48:42,
399391.SZ,3166.868,3182.388,3189.516,3159.707,3183.8391,34910370200,23615975,2361597500,-16.9711,-0.533,0.9363,2025-07-15 10:48:42,
399392.SZ,2443.888,2433.042,2452.154,2433.042,2428.7634,102989924000,33128976,3312897600,15.1246,0.6227,0.7869,2025-07-15 10:48:42,
399393.SZ,3115.062,3156.487,3160.655,3107.313,3167.0954,8463730800,19638961,1963896100,-52.0334,-1.6429,1.6843,2025-07-15 10:48:42,
399394.SZ,8592.147,8636.691,8663.206,8557.768,8635.6997,20229754700,6471383,647138300,-43.5527,-0.5043,1.221,2025-07-15 10:48:42,
399395.SZ,5806.675,5850.86,5888.489,5805.872,5871.8702,27952309900,18407326,1840732600,-65.1952,-1.1103,1.407,2025-07-15 10:48:42,
399396.SZ,18079.673,18170.43,18213.571,18042.66,18248.0255,11453663200,3119198,311919800,-168.3525,-0.9226,0.9366,2025-07-15 10:48:42,
399397.SZ,2065.255,2064.195,2076.099,2057.618,2061.8867,21809369100,20926549,2092654900,3.3683,0.1634,0.8963,2025-07-15 10:48:42,
399398.SZ,9993.798,10022.192,10059.539,9975.086,10027.987,29254876600,9905532,990553200,-34.189,-0.3409,0.8422,2025-07-15 10:48:42,
399399.SZ,7206.475,7212.190000000001,7236.634,7182.76,7212.6375,107622630900,68833364,6883336400,-6.1625,-0.0854,0.7469,2025-07-15 10:48:42,
399400.SZ,3589.883,3590.34,3607.101,3580.064,3586.1167,247095602700,142457384,14245738400,3.7663,0.105,0.7539,2025-07-15 10:48:42,
399401.SZ,3929.088,3929.915,3952.49,3918.789,3931.61,216770243800,165929711,16592971096,-2.522,-0.0641,0.8572,2025-07-15 10:48:51,28802
399402.SZ,3097.732,3099.744,3116.548,3088.998,3096.7393,70028769400,45581761,4558176100,0.9927,0.0321,0.8896,2025-07-15 10:48:51,
399403.SZ,7573.853,7563.641000000001,7626.387,7557.885,7532.0233,48725812900,12820562,1282056200,41.8297,0.5554,0.9095,2025-07-15 10:48:51,
399405.SZ,2267.474,2258.56,2278.862,2258.56,2249.7817,60027849200,14405037,1440503700,17.6923,0.7864,0.9024,2025-07-15 10:48:51,
399406.SZ,12480.93,12556.636,12578.636,12453.38,12570.4208,15090736400,16172701,1617270100,-89.4908,-0.7119,0.9964,2025-07-15 10:48:51,
399407.SZ,2383.233,2371.3,2398.552,2371.3,2372.5277,60493191700,26236895,2623689500,10.7053,0.4512,1.1486,2025-07-15 10:48:51,
399408.SZ,14085.709,14205.005,14218.51,14044.513,14214.8122,19864446800,30601250,3060125000,-129.1032,-0.9082,1.2241,2025-07-15 10:48:51,
399409.SZ,5023.738,5038.419,5069.846,5010.449000000001,5040.8797,44026899600,31431817,3143181700,-17.1417,-0.3401,1.1783,2025-07-15 10:48:51,
399410.SZ,2091.316,2063.31,2108.547,2062.956,2050.4116,16031936400,4356795,435679500,40.9044,1.9949,2.2235,2025-07-15 10:48:51,
399411.SZ,3435.221,3463.506,3467.254,3428.032,3466.5094,18463207200,20405070,2040507000,-31.2884,-0.9026,1.1315,2025-07-15 10:48:51,
399412.SZ,2275.936,2274.666,2292.257,2272.281,2279.6431,23087157200,9618007,961800700,-3.7071,-0.1626,0.8763,2025-07-15 10:48:51,
399413.SZ,165.542,166.635,166.801,165.433,166.6319,35171868100,2174654,217465400,-1.0899,-0.6541,0.821,2025-07-15 10:48:51,
399415.SZ,6266.983,6281.322,6308.399,6253.532,6286.0005,28297916000,16262733,1626273300,-19.0175,-0.3025,0.8728,2025-07-15 10:48:51,
399416.SZ,4043.238,4065.386,4090.216,4035.897,4075.1915,37752921900,28967112,2896711200,-31.9535,-0.7841,1.3329,2025-07-15 10:48:51,
399417.SZ,2791.025,2786.041,2810.452,2786.041,2787.6006,26455147700,9360645,936064500,3.4244,0.1228,0.8757,2025-07-15 10:48:51,
399418.SZ,3913.545,3878.398,3935.953,3876.97,3876.933,33497425100,13039547,1303954729,36.612,0.9444,1.5214,2025-07-15 10:49:00,2155
399419.SZ,1910.329,1924.13,1924.985,1903.4,1924.475,7931919800,7551995,755199499,-14.146,-0.7351,1.1216,2025-07-15 10:49:00,586
399420.SZ,1483.26,1485.914,1494.287,1471.73,1481.2816,19852920300,14122820,1412282000,1.9784,0.1336,1.5228,2025-07-15 10:49:00,
399422.SZ,3068.45,3085.13,3089.202,3057.956,3089.6821,70230796000,55462625,5546262500,-21.2321,-0.6872,1.0113,2025-07-15 10:49:00,
399423.SZ,2369.841,2380.344,2386.302,2362.971,2382.8675,15316414100,8553383,855338300,-13.0265,-0.5467,0.9791,2025-07-15 10:49:00,
399428.SZ,3513.796,3530.783,3543.563,3506.989,3537.4643,37225256100,22143749,2214374900,-23.6683,-0.6691,1.0339,2025-07-15 10:49:00,
399429.SZ,1313.448,1322.036,1325.447,1310.162,1323.9499,17152967700,19397389,1939738900,-10.5019,-0.7932,1.1545,2025-07-15 10:49:00,
399431.SZ,8725.082,8780.031,8804.95,8709.941,8760.138,12866598900,14959377,1495937700,-35.056,-0.4002,1.0846,2025-07-15 10:49:00,
399432.SZ,4825.979,4828.939,4864.72,4818.06,4835.1365,18852604800,5746558,574655800,-9.1575,-0.1894,0.965,2025-07-15 10:49:00,
399433.SZ,1682.065,1693.693,1695.071,1678.7,1695.3835,7424614000,12606340,1260634000,-13.3185,-0.7856,0.9656,2025-07-15 10:49:00,
399434.SZ,2018.931,2019.408,2031.353,2010.495,2018.0512,17147998500,18578897,1857889700,0.8798,0.0436,1.0336,2025-07-15 10:49:00,
399435.SZ,3834.226,3874.664,3878.701,3828.729,3878.4139,6106344100,7208786,720878600,-44.1879,-1.1393,1.2885,2025-07-15 10:49:00,
399436.SZ,3596.422,3652.868,3654.343,3588.258,3671.6124,5299209200,11787767,1178776700,-75.1904,-2.0479,1.7999,2025-07-15 10:49:00,
399437.SZ,6516.951,6525.64,6566.701,6461.065000000001,6494.3108,18675350900,14809927,1480992700,22.6402,0.3486,1.6266,2025-07-15 10:49:00,
399438.SZ,2008.738,2039.841,2039.841,2003.07,2039.2692,12401823100,18696253,1869625300,-30.5312,-1.4972,1.8031,2025-07-15 10:49:00,
399439.SZ,1663.04,1670.48,1671.561,1657.728,1674.5547,5575311000,8764480,876448000,-11.5147,-0.6876,0.8261,2025-07-15 10:49:00,
399440.SZ,1270.058,1282.577,1288.275,1268.599,1286.6423,8029282300,19356349,1935634900,-16.5843,-1.289,1.5293,2025-07-15 10:49:00,
399441.SZ,2165.233,2171.624,2184.369,2153.03,2175.3644,8051250200,2763744,276374400,-10.1314,-0.4657,1.4406,2025-07-15 10:49:00,
399481.SZ,128.045,128.045,128.045,128.045,128.045,446329500,43388,4338800,0.0,0.0,0.0,2025-07-15 10:46:03,
399550.SZ,7592,7619.157,7637.7,7567.143,7612.6102,21874379200,10165085,1016508500,-20.6102,-0.2707,0.9268,2025-07-15 10:49:00,
399551.SZ,8006.449000000001,7983.711,8041.5,7971.383,7977.394,26456921100,10546861,1054686091,29.055,0.3642,0.8789,2025-07-15 10:49:09,4815
399552.SZ,8049.459,8065.35,8087.488,8018.505,8060.851000000001,19862458800,10675901,1067590118,-11.392,-0.1413,0.8558,2025-07-15 10:49:09,5725
399553.SZ,6743.295,6737.245,6769.701,6725.163,6733.411,15407939500,4758477,475847682,9.884,0.1468,0.6614,2025-07-15 10:49:09,1713
399554.SZ,7383.752,7399.221,7421.941,7358.521,7383.1673,20434648200,12453398,1245339800,0.5847,0.0079,0.859,2025-07-15 10:49:12,
399555.SZ,5352.211,5372.18,5387.868,5338.285,5366.5945,17695283500,13554640,1355464000,-14.3835,-0.268,0.9239,2025-07-15 10:49:12,
399556.SZ,2351.314,2346.046,2359.766,2342.909,2350.483,23582034500,9991427,999142700,0.831,0.0354,0.7172,2025-07-15 10:49:12,
399557.SZ,1732.294,1731.947,1742.687,1725.539,1729.9501,21844617200,20950655,2095065500,2.3439,0.1355,0.9912,2025-07-15 10:49:12,
399602.SZ,998.894,993.765,1003.365,993.572,993.9244,42810664700,25983259,2598325900,4.9696,0.5,0.9853,2025-07-15 10:49:12,
399604.SZ,1873.261,1873.706,1883.115,1868.596,1871.9098,24784963300,16939800,1693980000,1.3512,0.0722,0.7756,2025-07-15 10:49:12,
399606.SZ,2467.251,2446.031,2483.677,2446.031,2430.1734,70085362800,16012288,1601228800,37.0776,1.5257,1.5491,2025-07-15 10:49:12,
399608.SZ,3085.525,3068.087,3103.046,3068.087,3055.2264,62397485700,19512236,1951223600,30.2986,0.9917,1.1442,2025-07-15 10:49:12,
399610.SZ,6455.46,6330.121,6492.13,6329.228,6261.0686,71232372100,17213423,1721342300,194.3914,3.1048,2.6018,2025-07-15 10:49:12,
399611.SZ,2383.032,2364.304,2396.985,2364.304,2353.5402,84519200100,20547616,2054761600,29.4918,1.2531,1.3886,2025-07-15 10:49:12,
399612.SZ,2028.33,2012.389,2040.207,2012.389,2003.2281,84519200100,20547616,2054761600,25.1019,1.2531,1.3887,2025-07-15 10:49:12,
399613.SZ,2909.143,2954.058,2954.058,2904.088,2966.8312,1719031100,3050735,305073500,-57.6882,-1.9444,1.6843,2025-07-15 10:49:12,
399614.SZ,2609.763,2620.375,2636.701,2608.43,2629.4342,27671281400,22735894,2273589400,-19.6712,-0.7481,1.0752,2025-07-15 10:49:12,
399615.SZ,3117.554,3122.119,3143.739,3111.125,3126.18,46279564200,24148356,2414835600,-8.626,-0.2759,1.0433,2025-07-15 10:49:12,
399616.SZ,6245.819,6226.166,6254.629,6215.02,6225.5204,21297006400,18790937,1879093700,20.2986,0.3261,0.6362,2025-07-15 10:49:12,
399617.SZ,9482.58,9556.78,9575.787,9463.807,9581.6043,5148306000,2226302,222630200,-99.0243,-1.0335,1.1687,2025-07-15 10:49:12,
399618.SZ,8052.98,8139.568,8166.791,8027.642,8135.6173,14291647400,5785194,578519400,-82.6373,-1.0157,1.7104,2025-07-15 10:49:12,
399619.SZ,7107.8,7121.829,7155.322,7061.989,7119.3871,12320612900,11229544,1122954400,-11.5871,-0.1628,1.311,2025-07-15 10:49:12,
399620.SZ,4432.031,4387.622,4453.676,4385.803,4380.7027,85330894600,35618942,3561894200,51.3283,1.1717,1.5494,2025-07-15 10:49:12,
399621.SZ,6059.825,5845.124,6126.238,5845.124,5649.7047,34513724400,4913053,491305300,410.1203,7.2591,4.9757,2025-07-15 10:49:12,
399622.SZ,1675.394,1704.786,1705.757,1670.219,1701.532,3495593000,5241560,524156045,-26.138,-1.5361,2.0886,2025-07-15 10:49:21,4150
399623.SZ,7375.821,7362.479,7410.804,7357.076,7363.4708,111562334000,80231359,8023135900,12.3502,0.1677,0.7297,2025-07-15 10:49:21,
399624.SZ,2085.392,2088.31,2100.205,2078.853,2089.2993,108929541500,71972067,7197206700,-3.9073,-0.187,1.022,2025-07-15 10:49:21,
399625.SZ,1868.253,1861.374,1879.44,1861.374,1857.0666,193491622800,92533954,9253395400,11.1864,0.6024,0.9728,2025-07-15 10:49:21,
399626.SZ,1444.016,1431.491,1451.879,1431.491,1424.5908,85188429900,32235595,3223559500,19.4252,1.3636,1.4311,2025-07-15 10:49:21,
399627.SZ,2170.464,2171.759,2182.186,2166.172,2170.9665,41355546500,24966411,2496641100,-0.5025,-0.0231,0.7376,2025-07-15 10:49:21,
399628.SZ,1962.791,1960.83,1977.342,1958.239,1961.9602,54120682600,37148504,3714850400,0.8308,0.0423,0.9737,2025-07-15 10:49:21,
399629.SZ,2646.874,2666.848,2670.345,2640.525,2667.9121,28598297300,31984869,3198486900,-21.0381,-0.7886,1.1177,2025-07-15 10:49:21,
399630.SZ,1309.833,1301.085,1316.689,1301.085,1297.3642,140145874300,56194409,5619440900,12.4688,0.9611,1.2027,2025-07-15 10:49:21,
399631.SZ,2071.998,2076.727,2082.816,2065.295,2076.9788,68489047800,58645915,5864591500,-4.9808,-0.2398,0.8436,2025-07-15 10:49:21,
399632.SZ,4275.223,4263.979,4299.891000000001,4260.979,4253.8431,86594552400,27245510,2724551000,21.3799,0.5026,0.9147,2025-07-15 10:49:21,
399633.SZ,5000.853,4999.966,5031.885,4987.233,4996.5122,159476098600,67538674,6753867400,4.3408,0.0869,0.8937,2025-07-15 10:49:21,
399634.SZ,3437.449,3432.174,3457.983,3430.16,3430.9737,49332068800,22054515,2205451500,6.4753,0.1887,0.8109,2025-07-15 10:49:21,
399635.SZ,1608.343,1602.677,1620.113,1601.934,1598.2348,70111152400,16019190,1601919000,10.1082,0.6325,1.1374,2025-07-15 10:49:21,
399636.SZ,5179.211,5129.297,5213.83,5129.297,5093.9115,52970096200,16873079,1687307900,85.2995,1.6745,1.6595,2025-07-15 10:49:21,
399637.SZ,1674.443,1704.296,1705.04,1665.77,1704.3716,2582121900,6482854,648285400,-29.9286,-1.756,2.3041,2025-07-15 10:49:21,
399638.SZ,5332.215,5318.749,5381.541,5318.749,5329.8577,20562003800,8410371,841037100,2.3573,0.0442,1.1781,2025-07-15 10:49:21,
399639.SZ,1621.458,1634.941,1639.869,1621.412,1638.9516,13918954000,9800680,980068000,-17.4936,-1.0674,1.1261,2025-07-15 10:49:21,
399640.SZ,2249.605,2245.769,2268.822,2245.769,2238.8662,177637620200,77855691,7785569100,10.7388,0.4797,1.0297,2025-07-15 10:49:21,
399641.SZ,2148.093,2132.635,2157.406,2132.635,2125.5368,138333434100,55786863,5578686300,22.5562,1.0612,1.1654,2025-07-15 10:49:21,
399642.SZ,1788.7,1776.584,1796.638,1776.584,1775.592,56708821500,35246344,3524634447,13.108,0.7382,1.1294,2025-07-15 10:49:30,4065
399643.SZ,2731.203,2706.244,2749.95,2706.244,2688.8649,70300561700,17157326,1715732600,42.3381,1.5746,1.6254,2025-07-15 10:49:30,
399644.SZ,3423.364,3428.067,3443.199,3412.953,3434.9056,26168850200,21790208,2179020800,-11.5416,-0.336,0.8805,2025-07-15 10:49:30,
399645.SZ,8919.805,8957.812,8981.842,8895.835000000001,8958.2997,21115343000,11805432,1180543200,-38.4947,-0.4297,0.9601,2025-07-15 10:49:30,
399646.SZ,7805.854,7803.513,7829.714,7773.911,7811.8844,19671972400,15179743,1517974300,-6.0304,-0.0772,0.7143,2025-07-15 10:49:30,
399647.SZ,7910.806,8001.474,8028.874,7884.331,7997.7335,12660213100,5229462,522946200,-86.9275,-1.0869,1.8073,2025-07-15 10:49:30,
399648.SZ,10590.12,10621.555,10658.709,10562.998,10634.6257,61759563300,25821268,2582126800,-44.5057,-0.4185,0.9,2025-07-15 10:49:30,
399649.SZ,2828.242,2829.933,2847.269,2821.443,2825.0744,14294707600,9030035,903003500,3.1676,0.1121,0.9142,2025-07-15 10:49:30,
399650.SZ,2047.464,2040.285,2056.905,2037.268,2037.5349,17536934200,6252568,625256800,9.9291,0.4873,0.9638,2025-07-15 10:49:30,
399651.SZ,1494.642,1493.577,1502.53,1491.555,1493.6642,18530101200,6848043,684804300,0.9778,0.0655,0.7348,2025-07-15 10:49:30,
399652.SZ,3205.391,3207.641,3226.229,3192.081,3215.6211,13358879800,5182168,518216800,-10.2301,-0.3181,1.0619,2025-07-15 10:49:30,
399653.SZ,2456.443,2443.284,2466.661,2443.284,2442.1925,41727812500,20413328,2041332800,14.2505,0.5835,0.9572,2025-07-15 10:49:30,
399654.SZ,2634.202,2633.742,2651.408,2623.94,2630.1565,24939813100,23998729,2399872900,4.0455,0.1538,1.0443,2025-07-15 10:49:30,
399655.SZ,9850.857,9876.799,9926.017,9832.713,9882.0655,33687869900,11269867,1126986700,-31.2085,-0.3158,0.9442,2025-07-15 10:49:30,
399656.SZ,5428.413,5417.779,5462.565000000001,5412.033,5408.5825,86642856200,27264702,2726470200,19.8305,0.3666,0.9343,2025-07-15 10:49:30,
399657.SZ,5853.435,5841.208000000001,5887.398,5841.004,5834.0395,159592553400,67602739,6760273900,19.3955,0.3325,0.7952,2025-07-15 10:49:30,
399658.SZ,3929.204,3913.946,3951.62,3913.946,3905.5044,49382857100,22082260,2208226000,23.6996,0.6068,0.9646,2025-07-15 10:49:30,
399659.SZ,3830.22,3835.764,3856.737,3819.318,3836.6719,215270092500,113337819,11333781900,-6.4519,-0.1682,0.9753,2025-07-15 10:49:30,
399660.SZ,2047.806,2037.665,2060.57,2037.665,2032.002,84641583400,20588441,2058844056,15.804,0.7778,1.1272,2025-07-15 10:49:39,3562
399661.SZ,5434.504,5458.977,5471.965,5417.444,5457.772,25519119500,21370243,2137024255,-23.268,-0.4263,0.999,2025-07-15 10:49:39,5051
399662.SZ,1717.625,1706.61,1729.298,1706.61,1702.7754,88408340300,22568859,2256885900,14.8496,0.8721,1.3324,2025-07-15 10:49:42,
399663.SZ,1800.807,1809.406,1813.219,1795.043,1808.2174,21212811600,16349605,1634960500,-7.4104,-0.4098,1.0052,2025-07-15 10:49:42,
399664.SZ,1157.536,1155.509,1166.211,1154.809,1156.8451,45110974800,31478163,3147816300,0.6909,0.0597,0.9856,2025-07-15 10:49:42,
399665.SZ,2025.478,2033.652,2039.391,2019.732,2034.9574,46974386400,31363630,3136363000,-9.4794,-0.4658,0.9661,2025-07-15 10:49:42,
399666.SZ,1545.456,1546.562,1560.907,1542.442,1546.2338,108427040700,33423006,3342300600,-0.7778,-0.0503,1.1942,2025-07-15 10:49:42,
399667.SZ,3549.396,3496.333,3570.624,3496.333,3458.4449,55704223800,11415960,1141596000,90.9511,2.6298,2.1481,2025-07-15 10:49:42,
399668.SZ,4125.161,4126.213,4160.015,4116.671,4128.4174,31395003800,15320031,1532003100,-3.2564,-0.0789,1.0499,2025-07-15 10:49:42,
399669.SZ,7924.294,7976.31,7994.027,7910.265,8002.2335,10407434800,5296100,529610000,-77.9395,-0.974,1.0467,2025-07-15 10:49:42,
399670.SZ,3300.328,3278.006,3320.582,3278.006,3275.7887,46134909300,18252789,1825278900,24.5393,0.7491,1.2997,2025-07-15 10:49:42,
399671.SZ,7399.672,7338.846,7453.442,7338.846,7261.8063,38939057100,16140723,1614072300,137.8657,1.8985,1.5781,2025-07-15 10:49:42,
399672.SZ,3883.344,3925.13,3925.841,3874.407,3930.2584,5336891500,5659696,565969600,-46.9144,-1.1937,1.3087,2025-07-15 10:49:42,
399673.SZ,2241.455,2215.924,2256.556,2215.924,2197.5801,57281702400,10878543,1087854300,43.8749,1.9965,1.8489,2025-07-15 10:49:42,
399674.SZ,1901.318,1926.062,1930.088,1895.631,1926.9263,33967529800,23515927,2351592700,-25.6083,-1.329,1.7882,2025-07-15 10:49:42,
399675.SZ,3246.907,3238.482,3262.415,3231.393,3238.0582,56665884500,30515196,3051519600,8.8488,0.2733,0.958,2025-07-15 10:49:42,
399676.SZ,3539.7,3599.197,3599.843,3527.719,3603.5284,33967529800,23515927,2351592700,-63.8284,-1.7713,2.0015,2025-07-15 10:49:42,
399677.SZ,5427.334,5451.771,5473.115,5408.636,5461.201,56697973300,30531380,3053138039,-33.867,-0.6201,1.1807,2025-07-15 10:49:51,6526
399678.SZ,503.503,506.409,509.982,502.653,507.607,9497327600,3534008,353400784,-4.104,-0.8085,1.4438,2025-07-15 10:49:51,958
399679.SZ,4872.084,4859.475,4897.116,4859.475,4856.6827,73059037800,40399699,4039969900,15.4013,0.3171,0.775,2025-07-15 10:49:51,
399680.SZ,607.688,613.607,613.607,606.315,616.3496,1159786500,2103246,210324600,-8.6616,-1.4053,1.1831,2025-07-15 10:49:51,
399681.SZ,897.932,901.7040000000001,906.712,897.29,904.6309,19494126000,13755785,1375578500,-6.6989,-0.7405,1.0415,2025-07-15 10:49:51,
399682.SZ,1406.161,1406.857,1417.59,1403.596,1408.8394,35802139700,18706801,1870680100,-2.6784,-0.1901,0.9933,2025-07-15 10:49:51,
399683.SZ,1832.206,1822.706,1833.048,1820.335,1822.4346,17297825200,15218155,1521815500,9.7714,0.5362,0.6976,2025-07-15 10:49:51,
399684.SZ,1865.062,1877.776,1881.591,1861.244,1885.0294,6588921700,2808585,280858500,-19.9674,-1.0593,1.0794,2025-07-15 10:49:51,
399685.SZ,1641.871,1660.09,1665.491,1636.656,1659.3256,13167644900,5448612,544861200,-17.4546,-1.0519,1.7378,2025-07-15 10:49:51,
399686.SZ,2156.167,2160.089,2171.803,2141.84,2158.7504,15767176900,16183005,1618300500,-2.5834,-0.1197,1.388,2025-07-15 10:49:51,
399687.SZ,2966.746,2935.678,2981.174,2934.093,2930.8197,73774260700,29903492,2990349200,35.9263,1.2258,1.6064,2025-07-15 10:49:51,
399688.SZ,2995.237,2870.245,3024.726,2870.245,2756.042,28724225500,3417428,341742800,239.195,8.6789,5.6052,2025-07-15 10:49:51,
399689.SZ,840.779,854.57,855.006,838.017,852.8485,2647215500,4227181,422718100,-12.0695,-1.4152,1.992,2025-07-15 10:49:51,
399692.SZ,3447.121,3465.23,3483.623,3440.008,3466.1837,17919382600,8499346,849934600,-19.0627,-0.55,1.2583,2025-07-15 10:49:51,
399693.SZ,4502.597,4531.041,4544.661,4485.357,4551.6929,17652914600,10648773,1064877300,-49.0959,-1.0786,1.3029,2025-07-15 10:49:51,
399694.SZ,3280.502,3278.4,3307.994,3271.417,3277.7028,54843743300,18151081,1815108100,2.7992,0.0854,1.1159,2025-07-15 10:49:51,
399695.SZ,2188.786,2201.743,2213.153,2184.797,2204.6837,34472628300,19056661,1905666100,-15.8977,-0.7211,1.2862,2025-07-15 10:49:51,
399696.SZ,2906.367,2891.826,2933.156,2891.826,2883.483,49303194800,23913791,2391379146,22.884,0.7936,1.4333,2025-07-15 10:50:00,12230
399697.SZ,3196.181,3210.842,3224.681,3187.097,3212.9533,20422358000,12078088,1207808800,-16.7723,-0.522,1.1698,2025-07-15 10:50:00,
399698.SZ,46559.688,46944.736,47016.546,46422.555,47137.3817,5454803500,2929041,292904100,-577.6937,-1.2256,1.2601,2025-07-15 10:50:00,
399699.SZ,4349.634,4338.796,4375.07,4327.756,4340.3528,53101684300,23660363,2366036300,9.2812,0.2138,1.0901,2025-07-15 10:50:00,
399701.SZ,7485.89,7514.257000000001,7528.769,7464.625,7518.1805,34147044600,20663472,2066347200,-32.2905,-0.4295,0.8532,2025-07-15 10:50:00,
399702.SZ,6804.699000000001,6824.42,6842.738,6785.852,6831.0012,59917215200,34447474,3444747400,-26.3022,-0.385,0.8328,2025-07-15 10:50:00,
399703.SZ,6633.835,6653.946,6673.191,6615.612,6658.9349,91779436200,51760680,5176068000,-25.0999,-0.3769,0.8647,2025-07-15 10:50:00,
399704.SZ,4305.201,4329.062,4362.591,4302.858,4352.0731,19146237500,16081839,1608183900,-46.8721,-1.077,1.3725,2025-07-15 10:50:00,
399705.SZ,2961.143,2932.743,2978.897,2932.743,2917.7018,97819195100,30600818,3060081800,43.4412,1.4889,1.5819,2025-07-15 10:50:00,
399706.SZ,5534.548,5528.66,5553.519,5512.491,5530.371,43810019600,18869327,1886932700,4.177,0.0755,0.7419,2025-07-15 10:50:00,
399707.SZ,6360.354,6370.886,6409.035,6306.058,6350.7803,26953163700,24820972,2482097200,9.5737,0.1507,1.6215,2025-07-15 10:50:00,
399750.SZ,8337.889000000001,8324.038,8360.064,8310.425,8327.2879,35316331100,16857441,1685744100,10.6011,0.1273,0.5961,2025-07-15 10:50:00,
399802.SZ,5409.985,5397.584,5437.992,5394.544,5393.5014,78633805800,45646191,4564619100,16.4836,0.3056,0.8056,2025-07-15 10:50:00,
399803.SZ,3937.35,3929.975,3953.407,3925.837,3928.101,28214796700,11284358,1128435840,9.249,0.2355,0.7019,2025-07-15 10:50:09,2314
399804.SZ,1754.223,1758.54,1765.141,1748.756,1755.4816,8258320500,6007799,600779900,-1.2586,-0.0717,0.9334,2025-07-15 10:50:12,
399805.SZ,3893.128,3902.601,3918.758,3875.417,3906.9184,44828408400,23378428,2337842800,-13.7904,-0.353,1.1093,2025-07-15 10:50:12,
399806.SZ,1269.778,1280.631,1283.415,1267.55,1283.3864,5583712700,7150321,715032100,-13.6084,-1.0604,1.2362,2025-07-15 10:50:12,
399807.SZ,1312.453,1320.155,1321.046,1306.311,1321.6894,6042658500,7326982,732698200,-9.2364,-0.6988,1.1149,2025-07-15 10:50:12,
399808.SZ,1935.845,1945.989,1958.382,1933.645,1952.3834,28572157200,16859020,1685902000,-16.5384,-0.8471,1.267,2025-07-15 10:50:12,
399809.SZ,2409.654,2422.719,2434.314,2400.746,2418.2491,11137544200,10733385,1073338500,-8.5951,-0.3554,1.3881,2025-07-15 10:50:12,
399810.SZ,2830.224,2845.522,2853.525,2818.269,2845.3995,20428989800,19697477,1969747700,-15.1755,-0.5333,1.2391,2025-07-15 10:50:12,
399811.SZ,3847.42,3807.096,3873.521,3804.305,3795.4646,49339545000,13557426,1355742600,51.9554,1.3689,1.8237,2025-07-15 10:50:12,
399812.SZ,6230.767,6276.269,6277.984,6211.54,6282.6325,14562925400,6258295,625829500,-51.8655,-0.8255,1.0576,2025-07-15 10:50:12,
399813.SZ,6752.298,6785.049,6816.078,6730.811,6802.2135,52210952600,26225220,2622522000,-49.9155,-0.7338,1.2535,2025-07-15 10:50:12,
399814.SZ,1055.468,1061.163,1063.451,1053.84,1063.9899,8965889900,5485284,548528400,-8.5219,-0.8009,0.9033,2025-07-15 10:50:12,
399850.SZ,7373.579,7327.661,7404.768,7327.661,7301.8516,61183795500,16185288,1618528800,71.7274,0.9823,1.056,2025-07-15 10:50:12,
399852.SZ,6419.403,6451.997,6472.527,6403.451,6462.3051,187703959200,150677895,15067789500,-42.9021,-0.6639,1.0689,2025-07-15 10:50:09,
399901.SZ,6004.58,6027.462,6047.167,5990.698,6022.319,41045739100,44071691,4407169100,-17.739,-0.2946,0.9377,2025-07-15 10:50:21,48109
399903.SZ,3797.977,3803.879,3818.583,3790.368,3802.262,88260491100,44965831,4496583100,-4.285,-0.1127,0.7421,2025-07-15 10:50:21,27026
399905.SZ,6013.386,6018.627,6049.787,5995.895,6020.859,135351713500,106932240,10693224000,-7.473,-0.1241,0.8951,2025-07-15 10:50:21,27023
399913.SZ,8256.396,8290.828,8331.622,8234.716,8285.5128,8170530700,2081568,208156800,-29.1168,-0.3514,1.1696,2025-07-15 10:50:21,
399914.SZ,6818.06,6867.556,6891.685,6807.939,6850.4757,31984714900,26880533,2688053300,-32.4157,-0.4732,1.2225,2025-07-15 10:50:21,
399928.SZ,2626.31,2643.426,2648.159,2623.104,2651.1841,5192419800,6330646,633064600,-24.8741,-0.9382,0.945,2025-07-15 10:50:21,
399932.SZ,15621.751,15732.35,15765.726,15602.605,15774.7835,10770206900,3040897,304089700,-153.0325,-0.9701,1.0341,2025-07-15 10:50:21,
399933.SZ,8144.462,8171.824000000001,8210.979,8114.272,8171.2445,17922734100,6345098,634509800,-26.7825,-0.3278,1.1835,2025-07-15 10:50:21,
399934.SZ,6349.789,6393.508,6414.947,6336.511,6379.189,48961944700,53681147,5368114700,-29.4,-0.4609,1.2296,2025-07-15 10:50:21,
399935.SZ,4707.776,4674.7,4731.138,4672.467,4666.1148,82359786600,25600589,2560058900,41.6612,0.8928,1.2574,2025-07-15 10:50:21,
399959.SZ,1539.726,1547.692,1557.475,1538.089,1550.6623,7299245000,2544276,254427600,-10.9363,-0.7053,1.2502,2025-07-15 10:50:21,
399965.SZ,2596.39,2630.117,2635.083,2587.995,2643.3888,3934892300,9560562,956056200,-46.9988,-1.778,1.7813,2025-07-15 10:50:21,
399966.SZ,6227.527,6248.594,6282.361,6188.686,6230.4576,27969540100,23508910,2350891000,-2.9306,-0.047,1.5035,2025-07-15 10:50:21,
399967.SZ,11390.371,11434.587,11502.188,11369.762,11449.2986,20632932400,10902802,1090280200,-58.9276,-0.5147,1.1566,2025-07-15 10:50:21,
399970.SZ,3347.243,3315.236,3362.929,3315.236,3304.714,85307352500,41666658,4166665765,42.529,1.2869,1.4432,2025-07-15 10:50:30,6034
399971.SZ,1286.833,1287.389,1294.826,1281.695,1285.398,15308053300,18546062,1854606179,1.435,0.1116,1.0216,2025-07-15 10:50:30,1401
399972.SZ,4533.436,4514.563,4555.199000000001,4514.563,4501.804,90334950800,29789602,2978960180,31.632,0.7027,0.9027,2025-07-15 10:50:30,9602
399973.SZ,1571.684,1578.378,1587.849,1568.962,1580.0503,12206677700,5198422,519842200,-8.3663,-0.5295,1.1953,2025-07-15 10:50:30,
399974.SZ,1709.942,1714.924,1720.906,1706.296,1714.1655,54705361400,27473373,2747337300,-4.2235,-0.2464,0.8523,2025-07-15 10:50:30,
399975.SZ,828.6,830.595,835.582,822.19,828.0203,26818271500,24526858,2452685800,0.5797,0.07,1.6174,2025-07-15 10:50:30,
399976.SZ,3007.671,3016.674,3038.92,3005.322,3021.9379,19519898300,6117299,611729900,-14.2669,-0.4721,1.1118,2025-07-15 10:50:30,
399982.SZ,7482.232,7508.053,7534.576,7460.074000000001,7513.1434,135500886900,107041822,10704182200,-30.9114,-0.4114,0.9916,2025-07-15 10:50:30,
399983.SZ,2091.873,2119.529,2121.635,2086.103,2123.917,1576723400,2229627,222962700,-32.044,-1.5087,1.6729,2025-07-15 10:50:30,
399986.SZ,8280.428,8353.855,8376.646,8277.064,8335.3482,14795157700,19347482,1934748200,-54.9202,-0.6589,1.1947,2025-07-15 10:50:30,
399987.SZ,5296.623000000001,5337.602,5351.639,5289.741,5367.1895,8105638200,1750869,175086900,-70.5665,-1.3148,1.1533,2025-07-15 10:50:30,
399989.SZ,6735.526,6770.572,6810.755,6713.034000000001,6771.7333,10389499900,3454139,345413900,-36.2073,-0.5347,1.4431,2025-07-15 10:50:30,
399990.SZ,2739.26,2806.626,2807.275,2736.308,2828.4663,5272346200,8636412,863641200,-89.2063,-3.1539,2.509,2025-07-15 10:50:30,
399991.SZ,2125.651,2116.821,2138.815,2116.821,2102.4982,49473218800,39883319,3988331900,23.1528,1.1012,1.0461,2025-07-15 10:50:30,
399992.SZ,1742.483,1753.258,1757.389,1738.735,1753.9831,17736817600,15500164,1550016400,-11.5001,-0.6557,1.0635,2025-07-15 10:50:30,
399993.SZ,2685.475,2692.985,2704.936,2671.17,2698.8514,16338525000,6704475,670447500,-13.3764,-0.4956,1.2511,2025-07-15 10:50:30,
399994.SZ,1682.284,1672.299,1692.478,1672.299,1674.2428,29074419300,13874718,1387471800,8.0412,0.4803,1.2053,2025-07-15 10:50:30,
399995.SZ,3680.918,3704.576,3707.915,3663.103,3705.9279,5837585700,9673087,967308700,-25.0099,-0.6749,1.2092,2025-07-15 10:50:30,
399996.SZ,3553.151,3550.403,3571.458,3543.335,3547.9211,50405502000,18151004,1815100400,5.2299,0.1474,0.7927,2025-07-15 10:50:30,
399997.SZ,9195.659,9257.723,9287.967,9182.32,9318.983,7138305100,1152139,115213926,-123.324,-1.3234,1.1337,2025-07-15 10:50:39,185
399998.SZ,1870.655,1904.262,1904.436,1869.624,1915.434,5277470700,8641502,864150231,-44.779,-2.3378,1.8174,2025-07-15 10:50:39,1992
932000.SH,2760.433,2760.433,2760.433,2760.433,2760.4326,0,0,0,0.0004,0.0,0.0,2025-07-15 00:00:00,
970070.SZ,3397.462,3297.622,3419.451,3297.622,3221.5259,49232319600,12215860,1221586016,175.9361,5.4613,3.7817,2025-07-15 10:50:38,
980001.SZ,1347.617,1345.588,1356.13,1344.112,1341.7847,57465632500,19136727,1913672695,5.8323,0.4347,0.8957,2025-07-15 10:50:38,
980015.SZ,6388.612,6437.381,6457.884,6358.1,6452.4043,15879407400,4829585,482958480,-63.7923,-0.9887,1.5465,2025-07-15 10:50:38,
980016.SZ,6159.842000000001,6170.481,6201.946,6133.617,6171.8961,12334113000,3245492,324549243,-12.0541,-0.1953,1.1071,2025-07-15 10:50:38,
980017.SZ,8850.838,8843.056,8890.858,8824.044,8851.3059,14004272200,2230833,223083344,-0.4679,-0.0053,0.7548,2025-07-15 10:50:38,
980018.SZ,3128.424,3141.094,3161.171,3123.016,3146.4289,11570658500,4746258,474625783,-18.0049,-0.5722,1.2126,2025-07-15 10:50:38,
980022.SZ,2170.553,2175.661,2186.851,2164.355,2173.6263,13396526300,4274483,427448297,-3.0733,-0.1414,1.035,2025-07-15 10:50:38,
980023.SZ,2115.601,2109.85,2126.525,2107.582,2109.3978,19875666900,7733759,773375925,6.2032,0.2941,0.898,2025-07-15 10:50:38,
980027.SZ,2222.464,2217.628,2246.488,2216.775,2221.0574,15270516100,6262146,626214582,1.4066,0.0633,1.3378,2025-07-15 10:50:38,
980028.SZ,11299.168,11241.142,11305.538,11218.188,11227.8599,6438301200,2419805,241980457,71.3081,0.6351,0.778,2025-07-15 10:50:38,
980030.SZ,5459.057,5408.061,5494.883,5403.564,5398.7819,32357940800,11572678,1157267784,60.2751,1.1165,1.6915,2025-07-15 10:50:38,
980032.SZ,10377.022,10390.114,10492.189,10376.707,10391.2105,18179574400,6523511,652351103,-14.1885,-0.1365,1.1113,2025-07-15 10:50:38,
980035.SZ,1732.345,1742.052,1746.104,1730.15,1745.9364,10121448800,10489715,1048971543,-13.5914,-0.7785,0.9138,2025-07-15 10:50:38,
980068.SZ,3168.284,3204.319,3205.461,3161.243,3201.1579,14236787800,14505997,1450599656,-32.8739,-1.0269,1.3813,2025-07-15 10:50:38,
980076.SZ,3076.607,3090.455,3110.182,3068.838,3096.9719,8132527800,3933678,393367780,-20.3649,-0.6576,1.335,2025-07-15 10:50:38,
980092.SZ,4691.123000000001,4697.818,4721.754,4677.05,4694.7721,20255303100,18170793,1817079345,-3.6491,-0.0777,0.9522,2025-07-15 10:50:38,
988006.SZ,2140.365,2122.809,2156.074,2122.615,2109.431,77191702900,16135204,1613520412,30.934,1.4665,1.5862,2025-07-15 10:50:47,2544
988007.SZ,2123.092,2105.704,2138.575,2105.553,2092.353,9833760300,16135204,1613520412,30.739,1.4691,1.5782,2025-07-15 10:50:47,2544
988106.SZ,2367.449,2348.029,2384.824,2347.815,2333.233,77191702900,16135204,1613520412,34.216,1.4665,1.5862,2025-07-15 10:50:47,
988107.SZ,2348.336,2329.103,2365.461,2328.936,2314.3347,9833760300,16135204,1613520412,34.0013,1.4692,1.5782,2025-07-15 10:50:47,
988201.SZ,1640.146,1637.529,1650.359,1635.732,1632.9006,57509153600,19153143,1915314254,7.2454,0.4437,0.8958,2025-07-15 10:50:47,
